id,name,fullName,insCode,stockType,instrumentId,cisin,lSecVal,cSecVal,created_date,type
459,تابا,تابان نیرو سپاهان,5.15E+16,309,IRO7TABP0001,IRO7TABP0001,خدمات فني و مهندسي,74,2023-11-23T13:04:59.000Z,contract
460,وارس,سرمایه گذاری ارس صبا,5.37E+16,309,IRO7ARSP0001,IRO7ARSP0004,سرمايه گذاريها,56,2023-11-23T13:05:00.000Z,
461,امید,تامین سرمایه امید,1.86E+16,300,IRO1OMID0001,IRO1OMID0005,فعاليتهاي كمكي به نهادهاي مالي واسط,67,2023-11-23T13:05:00.000Z,
463,کایزد,فرانسوز یزد,5.88E+16,303,IRO3YAFZ0001,IRO3YAFZ0002,ساير محصولات كاني غيرفلزي,54,2023-11-23T13:05:00.000Z,
465,شدوص,دوده‌ صنعتی پارس‌,4.06E+16,300,IRO1DODE0001,IRO1DODE0000,محصولات شيميايي,44,2023-11-23T13:05:01.000Z,production
467,سآبیک,سیمان آبیک,7.09E+16,300,IRO1ABIK0001,IRO1ABIK0005,"سيمان، آهك و گچ",53,2023-11-23T13:05:02.000Z,production
468,فسدید,لوله‌وتجهیزات‌ سدید - ورشکسته,2.10E+16,309,IRO7LSDP0001,IRO7LSDP0007,فلزات اساسي,27,2023-11-23T13:05:02.000Z,production
469,رکیش,کارت اعتباری ایران کیش,2.80E+16,300,IRO1RKSH0001,IRO1RKSH0008,رايانه و فعاليت‌هاي وابسته به آن,72,2023-11-23T13:05:02.000Z,contract
470,دقاضی,داروسازی شهید قاضی,4.68E+16,303,IRO3GPHP0001,IRO3GPHP0007,مواد و محصولات دارويي,43,2023-11-23T13:05:03.000Z,production
471,دامین,داروسازی امین‌,5.01E+16,300,IRO1AMIN0001,IRO1AMIN0009,مواد و محصولات دارويي,43,2023-11-23T13:05:03.000Z,production
472,ثغرب,شرکت سرمایه گذاری مسکن شمالغرب,1.79E+16,303,IRO3CGRZ0001,IRO3CGRZ0008,"انبوه سازي، املاك و مستغلات",70,2023-11-23T13:05:04.000Z,
473,وپویا,سرمایه گذاری پویا,2.48E+16,303,IRO3PIVZ0001,IRO3PIVZ0005,سرمايه گذاريها,56,2023-11-23T13:05:04.000Z,
474,شسینا,صنایع‌شیمیاییسینا,3.10E+16,300,IRO1SHSI0001,IRO1SHSI0001,محصولات شيميايي,44,2023-11-23T13:05:05.000Z,production
476,بگیلان,توسعه مسیر برق گیلان,7.11E+16,303,IRO3GEDZ0001,IRO3GEDZ0002,"عرضه برق، گاز، بخاروآب گرم",40,2023-11-23T13:05:05.000Z,
479,وبوعلی,سرمایه‌گذاریبوعلی,2.83E+16,300,IRO1BALI0001,IRO1BALI0004,سرمايه گذاريها,56,2023-11-23T13:05:06.000Z,
480,سلار,شرکت سیمان لارستان,6.17E+16,309,IRO7LARP0001,IRO7LARP0001,"سيمان، آهك و گچ",53,2023-11-23T13:05:07.000Z,production
486,کفرآور,فرآورده های سیمان شرق,4.96E+16,309,IRO7KFRP0001,IRO7KFRP0007,ساير محصولات كاني غيرفلزي,54,2023-11-23T13:05:09.000Z,
489,چفیبر,فیبر ایران‌,6.44E+16,300,IRO1FIBR0001,IRO1FIBR0003,محصولات چوبي,20,2023-11-23T13:05:10.000Z,production
490,بموتو,موتوژن‌,2.21E+16,300,IRO1MOTJ0001,IRO1MOTJ0006,ماشين آلات و دستگاه‌هاي برقي,31,2023-11-23T13:05:10.000Z,production
491,استقلال,استقلال,2.23E+16,309,IRO7ESLP0001,IRO7ESLP0006,فعاليتهاي فرهنگي و ورزشي,93,2023-11-23T13:05:11.000Z,
495,فروس,فروسیلیس‌ ایران‌,5.44E+16,300,IRO1FRIS0001,IRO1FRIS0004,فلزات اساسي,27,2023-11-23T13:05:12.000Z,production
496,سدبیر,س. تدبیرگران فارس وخوزستان,6.43E+16,303,IRO3DBRZ0001,IRO3DBRZ0002,سرمايه گذاريها,56,2023-11-23T13:05:12.000Z,
497,فصبا,صبا فولاد خلیج فارس,2.36E+16,303,IRO3SBLZ0001,IRO3SBLZ0001,فلزات اساسي,27,2023-11-23T13:05:13.000Z,production
501,وصندوق,سرمایه‌گذاریصندوق‌بازنشستگی,3.72E+16,300,IRO1SAND0001,IRO1SAND0008,شركتهاي چند رشته اي صنعتي,39,2023-11-23T13:05:14.000Z,
502,غبشهر,صنعتی بهشهر,4.24E+16,300,IRO1SBEH0001,IRO1SBEH0004,محصولات غذايي و آشاميدني به جز قند و شكر,42,2023-11-23T13:05:15.000Z,production
503,وصنا,گروه‌صنایع‌بهشهرایران‌,4.70E+16,300,IRO1GBEH0001,IRO1GBEH0008,سرمايه گذاريها,56,2023-11-23T13:05:15.000Z,
505,آینده,بازرگانی آینده سازان بهشت پارس,1.79E+16,309,IRO7BHEP0001,IRO7BHEP0001,زراعت و خدمات وابسته,1,2023-11-23T13:05:16.000Z,
506,سباقر,سیمان باقران,2.48E+16,309,IRO7CBBP0001,IRO7CBBP0009,"سيمان، آهك و گچ",53,2023-11-23T13:05:17.000Z,production
509,پشاهن,تولیدی پلاستیک‌ شاهین,4.41E+16,309,IRO7SHIP0001,IRO7SHIP0008,لاستيك و پلاستيك,25,2023-11-23T13:05:18.000Z,production
510,وامین,س.امین توان آفرین ساز,4.37E+15,303,IRO3ATAP0001,IRO3ATAP0006,سرمايه گذاريها,56,2023-11-23T13:05:18.000Z,
512,وپخش,داروپخش‌ (هلدینگ‌,7.18E+15,300,IRO1DARO0001,IRO1DARO0008,مواد و محصولات دارويي,43,2023-11-23T13:05:19.000Z,production
513,وحکمت,بیمه حکمت صبا,1.28E+16,309,IRO7HSIP0001,IRO7HSIP0008,بيمه وصندوق بازنشستگي به جزتامين اجتماعي,66,2023-11-23T13:05:19.000Z,
515,وخاور,بانک خاورمیانه,4.73E+16,300,IRO1BKHZ0001,IRO1BKHZ0007,بانكها و موسسات اعتباري,57,2023-11-23T13:05:20.000Z,
516,سیتا,سرمایه گذاری سیمان تامین,1.02E+16,300,IRO1SITA0001,IRO1SITA0007,"سيمان، آهك و گچ",53,2023-11-23T13:05:20.000Z,production
517,شفارا,پتروشیمی فارابی,1.67E+16,309,IRO7FAPP0001,IRO7FAPP0001,محصولات شيميايي,44,2023-11-23T13:05:21.000Z,production
518,شصفها,پتروشیمی اصفهان‌,1.83E+16,309,IRO7PESP0001,IRO7PESP0002,محصولات شيميايي,44,2023-11-23T13:05:21.000Z,production
519,غگرجی,بیسکویت‌  گرجی,3.10E+16,300,IRO1GORJ0001,IRO1GORJ0006,محصولات غذايي و آشاميدني به جز قند و شكر,42,2023-11-23T13:05:21.000Z,production
520,دشیمی,شیمی داروئی داروپخش‌,3.36E+16,300,IRO1DDPK0001,IRO1DDPK0001,مواد و محصولات دارويي,43,2023-11-23T13:05:22.000Z,production
521,فروژ,صنایع فروآلیاژ ایران,6.98E+16,303,IRO3IFIZ0001,IRO3IFIZ0004,فلزات اساسي,27,2023-11-23T13:05:22.000Z,production
522,تنوین,تامین سرمایه نوین,2.54E+16,300,IRO1TNOV0001,IRO1TNOV0009,فعاليتهاي كمكي به نهادهاي مالي واسط,67,2023-11-23T13:05:22.000Z,
523,برکت,گروه دارویی برکت,3.46E+16,300,IRO1BRKT0001,IRO1BRKT0003,مواد و محصولات دارويي,43,2023-11-23T13:05:23.000Z,production
524,خمحور,تولیدمحورخودرو,7.46E+15,300,IRO1TMKH0001,IRO1TMKH0002,خودرو و ساخت قطعات,34,2023-11-23T13:05:23.000Z,production
528,تکاردان,تامین سرمایه کاردان,5.29E+16,300,IRO1KRDN0001,IRO1KRDN0007,فعاليتهاي كمكي به نهادهاي مالي واسط,67,2023-11-23T13:05:24.000Z,
530,دکوثر,داروسازی کوثر,2.34E+16,300,IRO1DKSR0001,IRO1DKSR0002,مواد و محصولات دارويي,43,2023-11-23T13:05:25.000Z,production
531,زکوثر,سرمایه گذاری کشاورزی کوثر,4.26E+16,300,IRO1KOSR0001,IRO1KOSR0009,زراعت و خدمات وابسته,1,2023-11-23T13:05:25.000Z,
532,شبریز,پالایش نفت تبریز,4.88E+16,300,IRO1PNTB0001,IRO1PNTB0002,"فراورده هاي نفتي، كك و سوخت هسته اي",23,2023-11-23T13:05:25.000Z,
534,قرن,پدیده شیمی قرن,3.96E+16,300,IRO1GARN0001,IRO1GARN0006,محصولات شيميايي,44,2023-11-23T13:05:26.000Z,production
536,کپارس2,کاشی پارس‌,1.28E+16,300,IRO1KPRS0002,IRO1KPRS0008,كاشي و سراميك,49,2023-11-23T13:05:27.000Z,production
539,شگویا,پتروشیمی تندگویان,5.99E+15,303,IRO3TPEZ0001,IRO3TPEZ0003,محصولات شيميايي,44,2023-11-23T13:05:28.000Z,production
543,دتماد,تولیدمواداولیه‌داروپخش‌,3.46E+16,300,IRO1TMVD0001,IRO1TMVD0003,مواد و محصولات دارويي,43,2023-11-23T13:05:30.000Z,production
545,ولانا,شرکت لیزینگ آریا دانا,6.68E+16,309,IRO7VLNP0001,IRO7VLNP0000,ساير واسطه گريهاي مالي,58,2023-11-23T13:05:30.000Z,leasing
549,عالیس,بهار رز عالیس چناران,3.42E+16,303,IRO3ALSZ0001,IRO3ALSZ0002,محصولات غذايي و آشاميدني به جز قند و شكر,42,2023-11-23T13:05:32.000Z,production
551,لبوتان,گروه‌صنعتیبوتان‌,3.07E+16,300,IRO1BOTA0001,IRO1BOTA0008,ماشين آلات و تجهيزات,29,2023-11-23T13:05:32.000Z,production
554,شستا,سرمایه گذاری تامین اجتماعی,2.40E+15,300,IRO1TAMN0001,IRO1TAMN0006,شركتهاي چند رشته اي صنعتي,39,2023-11-23T13:05:34.000Z,
555,تمحرکه,ماشین سازی نیرو محرکه,2.24E+16,309,IRO7NMTP0001,IRO7NMTP0003,ماشين آلات و تجهيزات,29,2023-11-23T13:05:34.000Z,production
557,لخزر,پارس‌ خزر,6.54E+16,300,IRO1KHAZ0001,IRO1KHAZ0008,ماشين آلات و تجهيزات,29,2023-11-23T13:05:34.000Z,production
560,فسرب,ملی سرب‌وروی ایران‌,5.43E+16,300,IRO1SORB0001,IRO1SORB0000,فلزات اساسي,27,2023-11-23T13:05:36.000Z,production
561,خوساز2,محورسازان‌ایران‌خودرو,1.40E+16,300,IRO1MESI0002,IRO1MESI0000,خودرو و ساخت قطعات,34,2023-11-23T13:05:36.000Z,production
562,ثرود,سرمایه‌گذاری مسکن زاینده رود,1.89E+16,303,IRO3ZNDZ0001,IRO3ZNDZ0008,"انبوه سازي، املاك و مستغلات",70,2023-11-23T13:05:36.000Z,
563,وبانک,سرمایه گذاری گروه توسعه ملی,4.80E+16,300,IRO1BANK0001,IRO1BANK0008,شركتهاي چند رشته اي صنعتي,39,2023-11-23T13:05:36.000Z,
566,داوه,داروسازی آوه سینا,5.31E+15,303,IRO3AVLZ0001,IRO3AVLZ0007,مواد و محصولات دارويي,43,2023-11-23T13:05:37.000Z,production
567,وکغدیر,بین المللی توسعه ص. معادن غدیر,4.06E+16,300,IRO1TMGD0001,IRO1TMGD0002,شركتهاي چند رشته اي صنعتي,39,2023-11-23T13:05:37.000Z,
570,کطبس,ذغال‌سنگ‌ نگین‌ ط‌بس‌,8.98E+15,300,IRO1TBAS0001,IRO1TBAS0004,استخراج زغال سنگ,10,2023-11-23T13:05:38.000Z,
572,شستا2,سرمایه گذاری تامین اجتماعی,4.59E+15,300,IRO1TAMN0002,IRO1TAMN0006,شركتهاي چند رشته اي صنعتي,39,2023-11-23T13:05:39.000Z,
577,قصفها,قنداصفهان‌,4.04E+16,300,IRO1GESF0001,IRO1GESF0001,قند و شكر,38,2023-11-23T13:05:41.000Z,production
578,کاوه,فولاد کاوه جنوب کیش,6.04E+16,300,IRO1KVEH0001,IRO1KVEH0008,فلزات اساسي,27,2023-11-23T13:05:41.000Z,production
579,ولغدر,لیزینگ‌خودروغدیر,2.31E+16,300,IRO1LKGH0001,IRO1LKGH0008,ساير واسطه گريهاي مالي,58,2023-11-23T13:05:41.000Z,leasing
580,ثاصفا,شرکت‌ ساختمان‌ اصفهان‌,7.50E+15,309,IRO7SESP0001,IRO7SESP0009,"انبوه سازي، املاك و مستغلات",70,2023-11-23T13:05:42.000Z,
582,سفارس,سیمان فارس و خوزستان,1.55E+16,300,IRO1SFKZ0001,IRO1SFKZ0000,"سيمان، آهك و گچ",53,2023-11-23T13:05:42.000Z,production
583,فاراک,ماشین‌ سازی اراک‌,2.09E+16,300,IRO1MARK0001,IRO1MARK0001,ساخت محصولات فلزي,28,2023-11-23T13:05:42.000Z,contract
585,کیمیاتک,آریان کیمیا تک,3.99E+16,300,IRO1KTEK0001,IRO1KTEK0007,محصولات شيميايي,44,2023-11-23T13:05:43.000Z,production
586,ولبهمن,شرکت بهمن لیزینگ,4.83E+16,303,IRO3BHLZ0001,IRO3BHLZ0004,ساير واسطه گريهاي مالي,58,2023-11-23T13:05:43.000Z,leasing
588,کتوسعه,توسعه صنایع و معادن کوثر,2.34E+16,303,IRO3KOMZ0001,IRO3KOMZ0003,استخراج ساير معادن,14,2023-11-23T13:05:44.000Z,
589,کسرا2,سرامیک‌هایصنعتیاردکان‌,6.08E+15,300,IRO1ARDK0002,IRO1ARDK0002,ساير محصولات كاني غيرفلزي,54,2023-11-23T13:05:45.000Z,
592,خاذین,سایپاآذین‌,4.21E+16,300,IRO1AZIN0001,IRO1AZIN0004,خودرو و ساخت قطعات,34,2023-11-23T13:05:47.000Z,production
599,دتولید,داروسازی تولید دارو,1.81E+16,303,IRO3DTDZ0001,IRO3DTDZ0008,مواد و محصولات دارويي,43,2023-11-23T13:05:49.000Z,production
602,ددانا2,داروسازی دانا,4.09E+16,303,IRO3DPHZ0002,IRO3DPHZ0008,مواد و محصولات دارويي,43,2023-11-23T13:05:50.000Z,production
604,قثابت,قند ثابت‌ خراسان‌,4.50E+16,300,IRO1GSBE0001,IRO1GSBE0005,قند و شكر,38,2023-11-23T13:05:51.000Z,production
605,لابسا,آبسال‌,6.34E+16,300,IRO1ASAL0001,IRO1ASAL0003,ماشين آلات و تجهيزات,29,2023-11-23T13:05:51.000Z,production
608,اپرداز,آتیه داده پرداز,6.38E+16,303,IRO3APDZ0001,IRO3APDZ0005,اطلاعات و ارتباطات,73,2023-11-23T13:05:52.000Z,contract
609,ونوین,بانک‌اقتصادنوین‌,4.73E+16,300,IRO1NOVN0001,IRO1NOVN0005,بانكها و موسسات اعتباري,57,2023-11-23T13:05:52.000Z,
611,گدنا,تهیه توزیع غذای دنا آفرین فدک,1.01E+16,303,IRO3DCAZ0001,IRO3DCAZ0000,هتل و رستوران,55,2023-11-23T13:05:54.000Z,contract
612,کاسپین,داروسازی کاسپین تامین,2.84E+16,303,IRO3KSPZ0001,IRO3KSPZ0006,مواد و محصولات دارويي,43,2023-11-23T13:05:54.000Z,production
613,حفاری,حفاری شمال,2.88E+16,300,IRO1HSHM0001,IRO1HSHM0008,استخراج نفت گاز و خدمات جنبي جز اكتشاف,11,2023-11-23T13:05:55.000Z,contract
614,وصنعت,سرمایه گذاری توسعه صنعت وتجارت,5.73E+16,300,IRO1SNMA0001,IRO1SNMA0007,سرمايه گذاريها,56,2023-11-23T13:05:55.000Z,
615,وبشهر,توسعه‌ صنایع‌ بهشهر(هلدینگ,1.39E+16,300,IRO1TSBE0001,IRO1TSBE0000,محصولات غذايي و آشاميدني به جز قند و شكر,42,2023-11-23T13:05:55.000Z,production
616,پدرخش,درخشان‌ تهران‌,2.41E+16,300,IRO1DRKH0001,IRO1DRKH0005,لاستيك و پلاستيك,25,2023-11-23T13:05:56.000Z,production
618,لپارس,پارس‌ الکتریک‌,5.19E+15,300,IRO1PELC0001,IRO1PELC0000,ساخت دستگاه‌ها و وسايل ارتباطي,32,2023-11-23T13:05:57.000Z,
619,پارسیان,بیمه پارسیان,9.48E+15,300,IRO1IPAR0001,IRO1IPAR0002,بيمه وصندوق بازنشستگي به جزتامين اجتماعي,66,2023-11-23T13:05:57.000Z,
621,سیمرغ,سیمرغ,2.85E+16,300,IRO1SMRG0001,IRO1SMRG0007,زراعت و خدمات وابسته,1,2023-11-23T13:05:58.000Z,
623,ثباغ,شهر سازی و خانه سازی باغمیشه,6.89E+16,303,IRO3BGHZ0001,IRO3BGHZ0001,"انبوه سازي، املاك و مستغلات",70,2023-11-23T13:05:58.000Z,
626,غشصفا,شیرپاستوریزه‌پگاه‌اصفهان‌,6.15E+16,300,IRO1SPPE0001,IRO1SPPE0008,محصولات غذايي و آشاميدني به جز قند و شكر,42,2023-11-23T13:05:59.000Z,production
628,سفانو,سیمان فارس نو,4.53E+15,300,IRO1SFNO0001,IRO1SFNO0000,"سيمان، آهك و گچ",53,2023-11-23T13:06:00.000Z,production
629,زفکا,کشت و دامداری فکا,5.43E+15,303,IRO3FAAZ0001,IRO3FAAZ0000,زراعت و خدمات وابسته,1,2023-11-23T13:06:00.000Z,
632,خموتور,موتورسازان‌تراکتورسازیایران‌,5.73E+16,300,IRO1MSTI0001,IRO1MSTI0003,خودرو و ساخت قطعات,34,2023-11-23T13:06:01.000Z,production
635,ورازی,بیمه رازی,6.01E+16,309,IRO7RZIP0001,IRO7RZIP0007,بيمه وصندوق بازنشستگي به جزتامين اجتماعي,66,2023-11-23T13:06:02.000Z,
637,سپ,پرداخت الکترونیک سامان کیش,7.19E+16,300,IRO1SEPK0001,IRO1SEPK0003,رايانه و فعاليت‌هاي وابسته به آن,72,2023-11-23T13:06:03.000Z,contract
639,سکرد,سیمان کردستان,6.53E+16,300,IRO1SKOR0001,IRO1SKOR0009,"سيمان، آهك و گچ",53,2023-11-23T13:06:03.000Z,production
640,های وب,داده گسترعصرنوین-های وب,4.34E+16,300,IRO1HWEB0001,IRO1HWEB0008,اطلاعات و ارتباطات,73,2023-11-23T13:06:04.000Z,contract
641,زماهان,مجتمع تولید گوشت مرغ ماهان,4.51E+15,303,IRO3MACZ0001,IRO3MACZ0009,زراعت و خدمات وابسته,1,2023-11-23T13:06:04.000Z,
642,نتوس,پشم‌ بافی توس,2.30E+16,309,IRO7PTOP0001,IRO7PTOP0009,منسوجات,17,2023-11-23T13:06:04.000Z,production
643,بترانس,ایران‌ ترانسفو,4.68E+16,300,IRO1TRNS0001,IRO1TRNS0001,ماشين آلات و دستگاه‌هاي برقي,31,2023-11-23T13:06:05.000Z,production
645,سهرمز,سیمان‌هرمزگان‌,2.97E+16,300,IRO1SHZG0001,IRO1SHZG0004,"سيمان، آهك و گچ",53,2023-11-23T13:06:05.000Z,production
646,کرازی,کارخانجات‌تولیدیشیشه‌رازی,5.71E+16,300,IRO1TSRZ0001,IRO1TSRZ0007,ساير محصولات كاني غيرفلزي,54,2023-11-23T13:06:06.000Z,
647,شاوان,پالایش نفت لاوان,6.02E+16,303,IRO3PNLZ0001,IRO3PNLZ0000,"فراورده هاي نفتي، كك و سوخت هسته اي",23,2023-11-23T13:06:06.000Z,
648,شکام,صنایع شیمیایی کیمیاگران امروز,6.94E+16,303,IRO3KICZ0001,IRO3KICZ0003,محصولات شيميايي,44,2023-11-23T13:06:06.000Z,production
649,سنوین,سرمایه گذاری اقتصاد نوین,3.70E+16,309,IRO7IENP0001,IRO7IENP0006,سرمايه گذاريها,56,2023-11-23T13:06:07.000Z,
651,بساما,بیمه سامان,4.16E+16,303,IRO3BSMZ0001,IRO3BSMZ0000,بيمه وصندوق بازنشستگي به جزتامين اجتماعي,66,2023-11-23T13:06:07.000Z,
657,وجامی,سرمایه گذاری جامی,5.76E+16,309,IRO7JMIP0001,IRO7JMIP0002,سرمايه گذاريها,56,2023-11-23T13:06:09.000Z,
658,گوهران,سرمایه گذاری توسعه گوهران امید,6.50E+16,303,IRO3GOMZ0001,IRO3GOMZ0009,سرمايه گذاريها,56,2023-11-23T13:06:10.000Z,
659,کدما,معدنی دماوند,3.62E+15,300,IRO1DMVN0001,IRO1DMVN0009,استخراج كانه هاي فلزي,13,2023-11-23T13:06:10.000Z,
664,ومهان,گروه توسعه مالی مهرآیندگان,4.70E+16,300,IRO1MEAZ0001,IRO1MEAZ0009,سرمايه گذاريها,56,2023-11-23T13:06:12.000Z,
667,شرانل,نفت ایرانول,4.40E+16,303,IRO3NOLZ0001,IRO3NOLZ0001,"فراورده هاي نفتي، كك و سوخت هسته اي",23,2023-11-23T13:06:13.000Z,
668,ثشرق,سرمایه گذاری مسکن شمال شرق,6.04E+15,300,IRO1PMSZ0001,IRO1PMSZ0006,"انبوه سازي، املاك و مستغلات",70,2023-11-23T13:06:14.000Z,
669,وتوشه2,سرمایه‌ گذاری پارس‌ توشه‌,9.07E+15,300,IRO1TSHE0002,IRO1TSHE0004,ماشين آلات و تجهيزات,29,2023-11-23T13:06:14.000Z,production
670,غگلستا,شیر پاستوریزه پگاه گلستان,6.48E+16,303,IRO3PGLZ0001,IRO3PGLZ0009,محصولات غذايي و آشاميدني به جز قند و شكر,42,2023-11-23T13:06:14.000Z,production
671,قهکمت,قندهکمتان‌,1.44E+16,300,IRO1GHEG0001,IRO1GHEG0003,قند و شكر,38,2023-11-23T13:06:15.000Z,production
672,کیمیا,ص. معدنی کیمیای زنجان گستران,1.44E+16,300,IRO1KZGZ0001,IRO1KZGZ0000,فلزات اساسي,27,2023-11-23T13:06:15.000Z,production
675,فزرین,زرین معدن آسیا,4.37E+16,303,IRO3KZIZ0001,IRO3KZIZ0006,فلزات اساسي,27,2023-11-23T13:06:16.000Z,production
676,ثنظام,س. ساختمانی نظام مهندسی ایران,4.51E+16,309,IRO7NZMP0001,IRO7NZMP0005,"انبوه سازي، املاك و مستغلات",70,2023-11-23T13:06:16.000Z,
677,بسویچ,پارس‌سویچ‌,4.74E+16,300,IRO1SWIC0001,IRO1SWIC0000,ماشين آلات و دستگاه‌هاي برقي,31,2023-11-23T13:06:17.000Z,production
678,کرمان,س. توسعه و عمران استان کرمان,5.08E+16,303,IRO3KRMZ0001,IRO3KRMZ0000,"انبوه سازي، املاك و مستغلات",70,2023-11-23T13:06:22.000Z,
679,سپرمی,پرمیت‌,2.77E+16,309,IRO7PRMP0001,IRO7PRMP0003,ساير محصولات كاني غيرفلزي,54,2023-11-23T13:06:22.000Z,
682,کفپارس,فرآورده‌های نسوز پارس‌,1.95E+16,300,IRO1NSPS0001,IRO1NSPS0004,ساير محصولات كاني غيرفلزي,54,2023-11-23T13:06:23.000Z,
684,سشرق,سیمان‌ شرق‌,2.70E+16,300,IRO1SSHR0001,IRO1SSHR0000,"سيمان، آهك و گچ",53,2023-11-23T13:06:24.000Z,production
685,نیرو,نیرو سرمایه,3.95E+16,309,IRO7NIRP0001,IRO7NIRP0001,ماشين آلات و دستگاه‌هاي برقي,31,2023-11-23T13:06:24.000Z,production
687,شغدیر,پتروشیمی غدیر,2.18E+16,300,IRO1PGDR0001,IRO1PGDR0001,محصولات شيميايي,44,2023-11-23T13:06:25.000Z,production
688,شکبیر,پتروشیمی امیرکبیر,5.66E+16,309,IRO7PKBP0001,IRO7PKBP0003,محصولات شيميايي,44,2023-11-23T13:06:25.000Z,production
690,واتی,سرمایه‌ گذاری آتیه‌ دماوند,3.35E+16,300,IRO1ATDM0001,IRO1ATDM0008,سرمايه گذاريها,56,2023-11-23T13:06:26.000Z,
692,فباهنر,مس‌ شهیدباهنر,6.68E+16,300,IRO1BAHN0001,IRO1BAHN0003,فلزات اساسي,27,2023-11-23T13:06:27.000Z,production
694,همراه,شرکت ارتباطات سیار ایران,6.86E+16,300,IRO1HMRZ0001,IRO1HMRZ0007,مخابرات,64,2023-11-23T13:06:28.000Z,contract
695,شپاکسا,پاکسان‌,1.16E+16,300,IRO1PAKS0001,IRO1PAKS0007,محصولات شيميايي,44,2023-11-23T13:06:28.000Z,production
697,سبزوا,سیمان لار سبزوار,6.12E+14,303,IRO3SBZZ0001,IRO3SBZZ0005,"سيمان، آهك و گچ",53,2023-11-23T13:06:29.000Z,production
698,فگستر,گسترش صنایع روی ایرانیان,8.73E+15,303,IRO3IZIZ0001,IRO3IZIZ0000,فلزات اساسي,27,2023-11-23T13:06:30.000Z,production
699,غشهداب,کشت و صنعت شهداب ناب خراسان,3.36E+16,303,IRO3SHHZ0001,IRO3SHHZ0001,محصولات غذايي و آشاميدني به جز قند و شكر,42,2023-11-23T13:06:30.000Z,production
701,غپآذر,شیر پگاه آذربایجان شرقی,4.55E+16,303,IRO3GHPZ0001,IRO3GHPZ0005,محصولات غذايي و آشاميدني به جز قند و شكر,42,2023-11-23T13:06:31.000Z,production
706,ریشمک,تولید و صادرات ریشمک,6.48E+15,303,IRO3RPEZ0001,IRO3RPEZ0005,مواد و محصولات دارويي,43,2023-11-23T13:06:33.000Z,production
707,شبهرن,نفت‌ بهران‌,2.27E+16,300,IRO1NBEH0001,IRO1NBEH0009,"فراورده هاي نفتي، كك و سوخت هسته اي",23,2023-11-23T13:06:33.000Z,
710,ونیرو2,سرمایه‌گذارینیرو,6.74E+16,300,IRO1SNRO0002,IRO1SNRO0006,"عرضه برق، گاز، بخاروآب گرم",40,2023-11-23T13:06:34.000Z,
712,نمرینو,ایران‌ مرینوس‌,3.02E+16,300,IRO1MRIN0001,IRO1MRIN0000,منسوجات,17,2023-11-23T13:06:35.000Z,production
713,غدام,خوراک‌  دام‌ پارس‌,2.25E+15,300,IRO1KDPS0001,IRO1KDPS0004,محصولات غذايي و آشاميدني به جز قند و شكر,42,2023-11-23T13:06:36.000Z,production
715,تایرا,تراکتورسازیایران‌,1.93E+16,300,IRO1TRIR0001,IRO1TRIR0009,ماشين آلات و تجهيزات,29,2023-11-23T13:06:36.000Z,production
717,ثامان,سامان‌ گستراصفهان‌,6.65E+16,300,IRO1SGOS0001,IRO1SGOS0004,"انبوه سازي، املاك و مستغلات",70,2023-11-23T13:06:37.000Z,
719,حآفرین,ریل پرداز نو آفرین,2.14E+16,303,IRO3RPAZ0001,IRO3RPAZ0009,"حمل ونقل، انبارداري و ارتباطات",60,2023-11-23T13:06:38.000Z,contract
720,تپولا,مهندسی مرآت پولاد,2.23E+16,309,IRO7TPOP0001,IRO7TPOP0009,خدمات فني و مهندسي,74,2023-11-23T13:06:38.000Z,contract
723,بوعلی,پتروشیمی بوعلی سینا,5.02E+16,300,IRO1BONA0001,IRO1BONA0004,محصولات شيميايي,44,2023-11-23T13:06:39.000Z,production
725,فسپا,گروه‌صنعتیسپاهان‌,8.98E+15,300,IRO1SEPA0001,IRO1SEPA0005,فلزات اساسي,27,2023-11-23T13:06:40.000Z,production
726,فرابورس,فرابورس ایران,5.87E+16,303,IRO3FRBZ0001,IRO3FRBZ0000,فعاليتهاي كمكي به نهادهاي مالي واسط,67,2023-11-23T13:06:40.000Z,
728,حگهر2,حمل و نقل گهرترابر سیرجان,5.04E+16,303,IRO3GTTZ0002,IRO3GTTZ0007,"حمل ونقل، انبارداري و ارتباطات",60,2023-11-23T13:06:41.000Z,contract
731,تملت,تامین سرمایه بانک ملت,1.11E+16,300,IRO1TMLT0001,IRO1TMLT0007,فعاليتهاي كمكي به نهادهاي مالي واسط,67,2023-11-23T13:06:47.000Z,
732,زنجان,صنایع کشاورزی وکود زنجان,1.23E+16,309,IRO7ZNJP0001,IRO7ZNJP0000,محصولات شيميايي,44,2023-11-23T13:06:47.000Z,production
737,وآفری,بیمه کارآفرین,5.90E+14,300,IRO1KARP0001,IRO1KARP0008,بيمه وصندوق بازنشستگي به جزتامين اجتماعي,66,2023-11-23T13:06:49.000Z,
738,دعبید,لابراتوارداروسازی  دکترعبیدی,4.91E+16,300,IRO1ABDI0001,IRO1ABDI0004,مواد و محصولات دارويي,43,2023-11-23T13:06:49.000Z,production
739,شپارس,بین‌ المللی محصولات‌  پارس‌,6.11E+16,300,IRO1BMPS0001,IRO1BMPS0004,محصولات شيميايي,44,2023-11-23T13:06:50.000Z,production
740,دسبحان,سبحان دارو,5.87E+15,300,IRO1DSBH0001,IRO1DSBH0005,مواد و محصولات دارويي,43,2023-11-23T13:06:50.000Z,production
741,وبرق,س.کارکنان صنعت برق زنجان وقزوی,6.13E+16,309,IRO7SEIP0001,IRO7SEIP0001,سرمايه گذاريها,56,2023-11-23T13:06:50.000Z,
742,ولشرق,لیزینگ ایران و شرق,3.11E+16,303,IRO3ISLZ0001,IRO3ISLZ0004,ساير واسطه گريهاي مالي,58,2023-11-23T13:06:51.000Z,leasing
744,تکنو,تکنوتار,3.65E+15,300,IRO1TKNO0001,IRO1TKNO0002,ماشين آلات و تجهيزات,29,2023-11-23T13:06:51.000Z,production
746,وسالت,بانک قرض الحسنه رسالت,2.32E+16,309,IRO7SALP0001,IRO7SALP0000,بانكها و موسسات اعتباري,57,2023-11-23T13:06:52.000Z,
747,سدشت,صنایع سیمان دشتستان,2.70E+16,300,IRO1SDST0001,IRO1SDST0002,"سيمان، آهك و گچ",53,2023-11-23T13:06:52.000Z,production
748,آپ,آسان پرداخت پرشین,5.53E+16,300,IRO1APPE0001,IRO1APPE0008,رايانه و فعاليت‌هاي وابسته به آن,72,2023-11-23T13:06:53.000Z,contract
752,قاسم,قاسم ایران,3.45E+16,303,IRO3GASZ0001,IRO3GASZ0009,"خرده فروشي،باستثناي وسايل نقليه موتوري",47,2023-11-23T13:06:54.000Z,contract
753,کشرق,صنعتی و معدنی شمال شرق شاهرود,4.27E+16,303,IRO3KSGZ0001,IRO3KSGZ0007,استخراج زغال سنگ,10,2023-11-23T13:06:54.000Z,
754,سیستم,همکاران سیستم,4.77E+16,300,IRO1SYSM0001,IRO1SYSM0004,رايانه و فعاليت‌هاي وابسته به آن,72,2023-11-23T13:06:55.000Z,contract
756,کصدف,کاشی صدف سرام استقلال آباده,4.27E+16,309,IRO7KSDP0001,IRO7KSDP0008,كاشي و سراميك,49,2023-11-23T13:06:56.000Z,production
759,سخواف,سیمان مجد خواف,5.60E+16,309,IRO7SEKP0001,IRO7SEKP0007,"سيمان، آهك و گچ",53,2023-11-23T13:06:56.000Z,production
760,وتوصا,گروه س توسعه صنعتی ایران,2.94E+15,300,IRO1TOSA0001,IRO1TOSA0009,سرمايه گذاريها,56,2023-11-23T13:06:57.000Z,
761,کورز,ورزیران‌,4.20E+16,309,IRO7VARP0001,IRO7VARP0009,ساير محصولات كاني غيرفلزي,54,2023-11-23T13:06:57.000Z,
763,خگستر,گسترش‌سرمایه‌گذاریایران‌خودرو,4.90E+16,300,IRO1GOST0001,IRO1GOST0003,خودرو و ساخت قطعات,34,2023-11-23T13:06:58.000Z,production
764,شفن,پتروشیمی فناوران,6.51E+16,300,IRO1PFAN0001,IRO1PFAN0009,محصولات شيميايي,44,2023-11-23T13:06:58.000Z,production
765,زنگان,صنعت روی زنگان,6.72E+16,303,IRO3ZAGZ0001,IRO3ZAGZ0000,فلزات اساسي,27,2023-11-23T13:06:59.000Z,production
767,میدکو,توسعه معادن وص.معدنی خاورمیانه,3.34E+16,300,IRO1MDKO0001,IRO1MDKO0001,فلزات اساسي,27,2023-11-23T13:06:59.000Z,production
768,فولاژ,فولاد آلیاژی ایران,4.08E+16,300,IRO1FAIR0001,IRO1FAIR0004,فلزات اساسي,27,2023-11-23T13:07:00.000Z,production
769,دحاوی,الحاوی,4.34E+16,309,IRO7DHVP0001,IRO7DHVP0008,مواد و محصولات دارويي,43,2023-11-23T13:07:00.000Z,production
770,سمایه,بانک سرمایه,4.39E+16,309,IRO7IBKZ0001,IRO7IBKZ0000,بانكها و موسسات اعتباري,57,2023-11-23T13:07:00.000Z,
771,شتولی,تولیپرس‌,6.62E+16,309,IRO7TOPP0001,IRO7TOPP0009,محصولات شيميايي,44,2023-11-23T13:07:00.000Z,production
773,سقاین,سیمان‌ قائن‌,6.07E+16,300,IRO1SGEN0001,IRO1SGEN0001,"سيمان، آهك و گچ",53,2023-11-23T13:07:01.000Z,production
775,وشهر,بانک شهر,4.14E+16,309,IRO7BSHP0001,IRO7BSHP0005,بانكها و موسسات اعتباري,57,2023-11-23T13:07:02.000Z,
778,تاپکیش,تجارت الکترونیک پارسیان کیش,5.00E+16,303,IRO3KPEZ0001,IRO3KPEZ0002,رايانه و فعاليت‌هاي وابسته به آن,72,2023-11-23T13:07:03.000Z,contract
782,دسینا,داروسازی سینا,1.14E+16,300,IRO1DSIN0001,IRO1DSIN0000,مواد و محصولات دارويي,43,2023-11-23T13:07:04.000Z,production
783,زدشت,کشت و صنعت دشت خرم دره,2.52E+16,303,IRO3DKHZ0001,IRO3DKHZ0003,زراعت و خدمات وابسته,1,2023-11-23T13:07:04.000Z,
784,پی پاد,پرداخت الکترونیک پاسارگاد,2.63E+16,300,IRO1PYPD0001,IRO1PYPD0001,رايانه و فعاليت‌هاي وابسته به آن,72,2023-11-23T13:07:05.000Z,contract
786,فنرژی,گسترش صنایع انرژی آذرآب,6.40E+16,309,IRO7FNRP0001,IRO7FNRP0004,ساخت محصولات فلزي,28,2023-11-23T13:07:05.000Z,contract
787,سخوز,سیمان خوزستان,4.20E+16,300,IRO1KHOC0001,IRO1KHOC0009,"سيمان، آهك و گچ",53,2023-11-23T13:07:06.000Z,production
788,خساپا,سایپا,4.49E+16,300,IRO1SIPA0001,IRO1SIPA0001,خودرو و ساخت قطعات,34,2023-11-23T13:07:06.000Z,production
791,زشگزا,شیر و گوشت زاگرس شهرکرد,2.63E+16,303,IRO3ZMMZ0001,IRO3ZMMZ0008,زراعت و خدمات وابسته,1,2023-11-23T13:07:07.000Z,
793,ونفت,سرمایه‌گذاری صنعت‌ نفت‌,3.39E+16,300,IRO1NAFT0001,IRO1NAFT0005,"فراورده هاي نفتي، كك و سوخت هسته اي",23,2023-11-23T13:07:08.000Z,
794,فملی,ملی صنایع‌ مس‌ ایران‌,3.54E+16,300,IRO1MSMI0001,IRO1MSMI0000,فلزات اساسي,27,2023-11-23T13:07:08.000Z,production
795,اتکای,بیمه اتکایی ایرانیان,3.98E+16,303,IRO3ETKZ0001,IRO3ETKZ0008,بيمه وصندوق بازنشستگي به جزتامين اجتماعي,66,2023-11-23T13:07:08.000Z,
796,وزمین,بانک ایران زمین,2.00E+16,309,IRO7ZMNP0001,IRO7ZMNP0005,بانكها و موسسات اعتباري,57,2023-11-23T13:07:09.000Z,
798,وسرمد,بیمه  سرمد,4.33E+16,309,IRO7SRMP0001,IRO7SRMP0000,بيمه وصندوق بازنشستگي به جزتامين اجتماعي,66,2023-11-23T13:07:09.000Z,
799,تماوند,تامین سرمایه دماوند,6.02E+16,303,IRO3DIBZ0001,IRO3DIBZ0003,فعاليتهاي كمكي به نهادهاي مالي واسط,67,2023-11-23T13:07:10.000Z,
800,وکار,بانک‌ کارآفرین‌,4.80E+16,300,IRO1KRAF0001,IRO1KRAF0000,بانكها و موسسات اعتباري,57,2023-11-23T13:07:10.000Z,
801,زگلدشت,کشت و دام گلدشت نمونه اصفهان,1.00E+16,303,IRO3GDSZ0001,IRO3GDSZ0006,زراعت و خدمات وابسته,1,2023-11-23T13:07:10.000Z,
804,گلدیرا,صنایع گلدیران,5.47E+16,303,IRO3GOIZ0001,IRO3GOIZ0005,ماشين آلات و تجهيزات,29,2023-11-23T13:07:11.000Z,production
805,زمگسا,کشاورزی ودامپروی مگسال‌,5.05E+15,300,IRO1MAGS0001,IRO1MAGS0006,زراعت و خدمات وابسته,1,2023-11-23T13:07:12.000Z,
806,دشیری,شیرین دارو,6.31E+16,309,IRO7DSHP0001,IRO7DSHP0003,مواد و محصولات دارويي,43,2023-11-23T13:07:12.000Z,production
807,مبین,مبین انرژی خلیج فارس,2.79E+16,300,IRO1MOBN0001,IRO1MOBN0000,"عرضه برق، گاز، بخاروآب گرم",40,2023-11-23T13:07:12.000Z,
810,دیران,ایران‌دارو,6.91E+16,300,IRO1IRDR0001,IRO1IRDR0007,مواد و محصولات دارويي,43,2023-11-23T13:07:13.000Z,production
812,پلوله,گازلوله‌,2.93E+16,309,IRO7GAZP0001,IRO7GAZP0008,لاستيك و پلاستيك,25,2023-11-23T13:07:14.000Z,production
814,کاذر,فرآورده‌هاینسوزآذر,4.94E+16,300,IRO1NSAZ0001,IRO1NSAZ0002,ساير محصولات كاني غيرفلزي,54,2023-11-23T13:07:15.000Z,
816,فخاس,فولاد خراسان,4.73E+15,300,IRO1FKAS0001,IRO1FKAS0009,فلزات اساسي,27,2023-11-23T13:07:15.000Z,production
817,خعمرا,توسعه و عمران شهرستان نائین,6.43E+15,309,IRO7TONP0001,IRO7TONP0001,خودرو و ساخت قطعات,34,2023-11-23T13:07:15.000Z,production
819,وثنو,سرمایه گذاری ساختمانی نوین,4.50E+16,309,IRO7SNOP0001,IRO7SNOP0002,سرمايه گذاريها,56,2023-11-23T13:07:16.000Z,
821,حریل,ریل پردازسیر,5.56E+15,303,IRO3HRLZ0001,IRO3HRLZ0006,"حمل ونقل، انبارداري و ارتباطات",60,2023-11-23T13:07:17.000Z,contract
822,مارون,پتروشیمی مارون,5.34E+16,303,IRO3PMRZ0001,IRO3PMRZ0005,محصولات شيميايي,44,2023-11-23T13:07:17.000Z,production
824,فنفت,صنایع تجهیزات نفت,5.93E+16,309,IRO7PEIZ0001,IRO7PEIZ0002,فلزات اساسي,27,2023-11-23T13:07:18.000Z,production
825,خپویش,سازه‌ پویش‌,4.76E+15,300,IRO1SZPO0001,IRO1SZPO0004,خودرو و ساخت قطعات,34,2023-11-23T13:07:18.000Z,production
826,غبهار,کشت وصنعت بهاران گلبهار خراسان,7.17E+16,309,IRO7GKHP0001,IRO7GKHP0008,محصولات غذايي و آشاميدني به جز قند و شكر,42,2023-11-23T13:07:19.000Z,production
828,ساربیل,سیمان آرتا اردبیل,3.49E+16,300,IRO1SADB0001,IRO1SADB0002,"سيمان، آهك و گچ",53,2023-11-23T13:07:20.000Z,production
829,بهپاک,صنعتی بهپاک,1.27E+16,303,IRO3BHPZ0001,IRO3BHPZ0000,محصولات غذايي و آشاميدني به جز قند و شكر,42,2023-11-23T13:07:20.000Z,production
832,غمایه,شرکت خمیرمایه رضوی,5.95E+16,303,IRO3RAVZ0001,IRO3RAVZ0001,محصولات غذايي و آشاميدني به جز قند و شكر,42,2023-11-23T13:07:21.000Z,production
834,حگهر,حمل و نقل گهرترابر سیرجان,4.78E+16,303,IRO3GTTZ0001,IRO3GTTZ0007,"حمل ونقل، انبارداري و ارتباطات",60,2023-11-23T13:07:21.000Z,contract
836,تکیمیا,تامین سرمایه کیمیا,6.66E+16,309,IRO7KYIZ0001,IRO7KYIZ0003,فعاليتهاي كمكي به نهادهاي مالي واسط,67,2023-11-23T13:07:22.000Z,
837,وتوکا,سرمایه‌گذاریتوکافولاد(هلدینگ,4.72E+16,300,IRO1TOKA0001,IRO1TOKA0007,فلزات اساسي,27,2023-11-23T13:07:22.000Z,production
838,بخاور,بیمه زندگی خاورمیانه,5.60E+15,303,IRO3MLIZ0001,IRO3MLIZ0000,بيمه وصندوق بازنشستگي به جزتامين اجتماعي,66,2023-11-23T13:07:22.000Z,
839,ثبهساز,بهساز کاشانه تهران,1.47E+16,300,IRO1BEKA0001,IRO1BEKA0009,"انبوه سازي، املاك و مستغلات",70,2023-11-23T13:07:23.000Z,
843,کاما2,باما,4.65E+16,300,IRO1BAMA0002,IRO1BAMA0001,استخراج كانه هاي فلزي,13,2023-11-23T13:07:24.000Z,
844,کگاز,شیشه‌ و گاز,6.23E+16,300,IRO1SGAZ0001,IRO1SGAZ0001,ساير محصولات كاني غيرفلزي,54,2023-11-23T13:07:24.000Z,
845,نوری,پتروشیمی نوری,1.90E+16,300,IRO1NORI0001,IRO1NORI0008,محصولات شيميايي,44,2023-11-23T13:07:25.000Z,production
846,فغدیر,آهن و فولاد غدیر ایرانیان,2.81E+16,303,IRO3GIRZ0001,IRO3GIRZ0002,فلزات اساسي,27,2023-11-23T13:07:25.000Z,production
847,جم,پتروشیمی جم,3.24E+16,300,IRO1PJMZ0001,IRO1PJMZ0007,محصولات شيميايي,44,2023-11-23T13:07:25.000Z,production
849,وتجارت,بانک تجارت,6.39E+16,300,IRO1BTEJ0001,IRO1BTEJ0001,بانكها و موسسات اعتباري,57,2023-11-23T13:07:26.000Z,
850,غمارگ,مارگارین,2.15E+16,309,IRO7MRGN0001,IRO7MRGN0006,محصولات غذايي و آشاميدني به جز قند و شكر,42,2023-11-23T13:07:26.000Z,production
851,پکرمان,گروه‌ صنعتی بارز,2.32E+16,300,IRO1BARZ0001,IRO1BARZ0007,لاستيك و پلاستيك,25,2023-11-23T13:07:27.000Z,production
853,سفاسی,شرکت فارسیت اهواز,3.47E+16,309,IRO7SFSP0001,IRO7SFSP0008,ساير محصولات كاني غيرفلزي,54,2023-11-23T13:07:27.000Z,
855,زشریف,کشت وصنعت شریف آباد,2.65E+16,303,IRO3SAAZ0001,IRO3SAAZ0005,زراعت و خدمات وابسته,1,2023-11-23T13:07:28.000Z,
856,خرینگ,رینگ‌سازیمشهد,4.59E+16,300,IRO1RINM0001,IRO1RINM0000,خودرو و ساخت قطعات,34,2023-11-23T13:07:29.000Z,production
857,وامیر,گروه صنعتی و معدنی امیر,6.72E+16,309,IRO7AIMP0001,IRO7AIMP0001,استخراج كانه هاي فلزي,13,2023-11-23T13:07:29.000Z,
859,غبهنوش,بهنوش‌ ایران‌,1.71E+16,300,IRO1BENN0001,IRO1BENN0001,محصولات غذايي و آشاميدني به جز قند و شكر,42,2023-11-23T13:07:30.000Z,production
862,رافزا,رایان هم افزا,6.89E+16,303,IRO3RYHZ0001,IRO3RYHZ0001,رايانه و فعاليت‌هاي وابسته به آن,72,2023-11-23T13:07:30.000Z,contract
866,فلامی,لامیران‌,2.53E+16,300,IRO1LAMI0001,IRO1LAMI0001,ساخت محصولات فلزي,28,2023-11-23T13:07:32.000Z,contract
872,بمولد,مولد نیروگاهی تجارت فارس,4.83E+16,303,IRO3FTJZ0001,IRO3FTJZ0000,"عرضه برق، گاز، بخاروآب گرم",40,2023-11-23T13:07:34.000Z,
874,قشیر,قند شیروان قوچان و بجنورد,7.15E+16,303,IRO3GHSZ0001,IRO3GHSZ0002,قند و شكر,38,2023-11-23T13:07:35.000Z,production
876,ساوه,سیمان ساوه,3.23E+16,303,IRO3SACZ0001,IRO3SACZ0003,"سيمان، آهك و گچ",53,2023-11-23T13:07:35.000Z,production
878,غزر,صنعتی زر ماکارون,4.37E+15,300,IRO1ZARM0001,IRO1ZARM0004,محصولات غذايي و آشاميدني به جز قند و شكر,42,2023-11-23T13:07:36.000Z,production
879,خبنیان,بنیان دیزل,3.71E+16,309,IRO7BDZP0001,IRO7BDZP0000,خودرو و ساخت قطعات,34,2023-11-23T13:07:36.000Z,production
886,ثنور,سرمایه گذاری کوه نور,6.33E+16,309,IRO7NORP0001,IRO7NORP0003,"انبوه سازي، املاك و مستغلات",70,2023-11-23T13:07:39.000Z,
887,تیپیکو,سرمایه گذاری دارویی تامین,2.98E+16,300,IRO1DTIP0001,IRO1DTIP0007,مواد و محصولات دارويي,43,2023-11-23T13:07:39.000Z,production
888,تاصیکو,سرمایه گذاری صدرتامین,2.33E+16,300,IRO1SADR0001,IRO1SADR0004,استخراج كانه هاي فلزي,13,2023-11-23T13:07:39.000Z,
889,وکبهمن,مدیریت سرمایه گذاری کوثربهمن,6.50E+16,303,IRO3KBIZ0001,IRO3KBIZ0004,سرمايه گذاريها,56,2023-11-23T13:07:39.000Z,
892,کارام,صنایع سرام آرا,6.99E+16,309,IRO7CEIP0001,IRO7CEIP0009,كاشي و سراميك,49,2023-11-23T13:07:40.000Z,production
893,اسیاتک,انتقال داده های آسیاتک,1.41E+16,300,IRO1ASTC0001,IRO1ASTC0003,اطلاعات و ارتباطات,73,2023-11-23T13:07:41.000Z,contract
894,ثامید,توسعه و عمران امید,1.86E+16,300,IRO1TOOM0001,IRO1TOOM0009,"انبوه سازي، املاك و مستغلات",70,2023-11-23T13:07:41.000Z,
895,ولتجار,واسپاری تجارت وسرمایه ایرانیان,3.46E+16,309,IRO7GSIP0001,IRO7GSIP0009,ساير واسطه گريهاي مالي,58,2023-11-23T13:07:42.000Z,leasing
896,باران,بیمه زندگی باران,2.69E+16,309,IRO7BLIP0001,IRO7BLIP0001,بيمه وصندوق بازنشستگي به جزتامين اجتماعي,66,2023-11-23T13:07:42.000Z,
898,کاما,باما,4.94E+15,300,IRO1BAMA0001,IRO1BAMA0001,استخراج كانه هاي فلزي,13,2023-11-23T13:07:43.000Z,
900,کوثر2,بیمه کوثر,6.26E+16,303,IRO3BKSZ0002,IRO3BKSZ0002,بيمه وصندوق بازنشستگي به جزتامين اجتماعي,66,2023-11-23T13:07:43.000Z,
901,فافق,صنایع مس افق کرمان,2.24E+16,309,IRO7OKCZ0001,IRO7OKCZ0001,فلزات اساسي,27,2023-11-23T13:07:44.000Z,production
902,سایرا,ایرانیت‌,6.26E+16,309,IRO7IRNP0001,IRO7IRNP0001,ساير محصولات كاني غيرفلزي,54,2023-11-23T13:07:44.000Z,
909,فکمند,گسترش قطعه سازی کمند,7.03E+16,309,IRO7KPMP0001,IRO7KPMP0000,ساخت محصولات فلزي,28,2023-11-23T13:07:46.000Z,contract
910,وگردش,بانک گردشگری,7.92E+15,309,IRO7GRDZ0001,IRO7GRDZ0003,بانكها و موسسات اعتباري,57,2023-11-23T13:07:47.000Z,
912,فاذر,صنایع‌ آذرآب‌,3.85E+16,300,IRO1AZAB0001,IRO1AZAB0006,ساخت محصولات فلزي,28,2023-11-23T13:07:47.000Z,contract
913,فروسیل,فروسیلیسیم خمین,4.48E+16,303,IRO3FERZ0001,IRO3FERZ0007,فلزات اساسي,27,2023-11-23T13:07:48.000Z,production
918,پاکشو,گروه صنعتی پاکشو,6.28E+16,300,IRO1PASH0001,IRO1PASH0002,محصولات شيميايي,44,2023-11-23T13:07:49.000Z,production
919,شبصیر,تولیدات پتروشیمی قائد بصیر,6.85E+16,303,IRO3BSRZ0001,IRO3BSRZ0005,محصولات شيميايي,44,2023-11-23T13:07:49.000Z,production
920,حتوکا,حمل‌ونقل‌توکا,2.23E+16,300,IRO1HTOK0001,IRO1HTOK0000,"حمل ونقل، انبارداري و ارتباطات",60,2023-11-23T13:07:50.000Z,contract
924,بزاگرس,نیروگاه زاگرس کوثر,2.99E+16,303,IRO3ZKPZ0001,IRO3ZKPZ0007,"عرضه برق، گاز، بخاروآب گرم",40,2023-11-23T13:07:51.000Z,
932,ولقمان,سرمایه گذاری لقمان,3.20E+16,309,IRO7LOIP0001,IRO7LOIP0006,سرمايه گذاريها,56,2023-11-23T13:07:53.000Z,
937,قنقش,قند نقش جهان,3.05E+15,309,IRO7NJSP0001,IRO7NJSP0009,قند و شكر,38,2023-11-23T13:07:55.000Z,production
939,سبجنو,سیمان‌ بجنورد,6.63E+16,300,IRO1SBOJ0001,IRO1SBOJ0000,"سيمان، آهك و گچ",53,2023-11-23T13:07:56.000Z,production
940,ثجنوب,سرمایه گذاری مسکن جنوب,6.09E+16,303,IRO3MSJZ0001,IRO3MSJZ0002,"انبوه سازي، املاك و مستغلات",70,2023-11-23T13:07:56.000Z,
941,زقیام,کشت و دام قیام اصفهان,7.13E+16,303,IRO3GAHZ0001,IRO3GAHZ0002,زراعت و خدمات وابسته,1,2023-11-23T13:07:56.000Z,
942,حپرتو,پرتو بار فرابر خلیج فارس,4.89E+15,303,IRO3PBFZ0001,IRO3PBFZ0002,"حمل ونقل، انبارداري و ارتباطات",60,2023-11-23T13:07:57.000Z,contract
943,ومعلم,بیمه معلم,6.85E+15,303,IRO3MOIZ0001,IRO3MOIZ0007,بيمه وصندوق بازنشستگي به جزتامين اجتماعي,66,2023-11-23T13:07:57.000Z,
946,قجام,فرآوردههای غذایی وقندتربت‌جام‌,2.82E+16,309,IRO7GTOP0001,IRO7GTOP0000,قند و شكر,38,2023-11-23T13:07:58.000Z,production
951,دفرا,فرآورده‌های تزریقی ایران‌,1.83E+16,300,IRO1FTIR0001,IRO1FTIR0003,مواد و محصولات دارويي,43,2023-11-23T13:08:00.000Z,production
952,وپست,پست بانک ایران,2.21E+16,300,IRO1BPST0001,IRO1BPST0007,بانكها و موسسات اعتباري,57,2023-11-23T13:08:00.000Z,
953,کگل,معدنی و صنعتی گل گهر,3.57E+16,300,IRO1GOLG0001,IRO1GOLG0005,استخراج كانه هاي فلزي,13,2023-11-23T13:08:00.000Z,
954,پکویر,کویر تایر,7.24E+15,300,IRO1KVRZ0001,IRO1KVRZ0001,لاستيك و پلاستيك,25,2023-11-23T13:08:00.000Z,production
956,خپارس,پارس خودرو,2.52E+16,309,IRO7PKOD0001,IRO7PKOD0002,خودرو و ساخت قطعات,34,2023-11-23T13:08:01.000Z,production
958,پترول,گ.س.وت.ص.پتروشیمی خلیج فارس,6.91E+16,300,IRO1IPTR0001,IRO1IPTR0001,محصولات شيميايي,44,2023-11-23T13:08:02.000Z,production
959,غدشت,دشت‌ مرغاب‌,2.43E+15,300,IRO1DMOR0001,IRO1DMOR0004,محصولات غذايي و آشاميدني به جز قند و شكر,42,2023-11-23T13:08:02.000Z,production
961,نیان,نیان الکترونیک,2.07E+16,303,IRO3NIAZ0001,IRO3NIAZ0002,توليد محصولات كامپيوتري الكترونيكي ونوري,26,2023-11-23T13:08:03.000Z,
964,وساپا,سرمایه‌گذاری سایپا,3.76E+16,300,IRO1SSAP0001,IRO1SSAP0009,سرمايه گذاريها,56,2023-11-23T13:08:04.000Z,
969,اعتلا,شرکت سرمایه گذاری اعتلاء البرز,3.68E+16,303,IRO3ETLZ0001,IRO3ETLZ0007,سرمايه گذاريها,56,2023-11-23T13:08:05.000Z,
970,ثجوان,تامین مسکن جوانان,3.05E+16,309,IRO7SJVP0001,IRO7SJVP0009,"انبوه سازي، املاك و مستغلات",70,2023-11-23T13:08:06.000Z,
974,ولملت,واسپاری ملت,1.14E+16,300,IRO1VLMT0001,IRO1VLMT0003,ساير واسطه گريهاي مالي,58,2023-11-23T13:08:07.000Z,leasing
975,شتوکا,توکا رنگ فولاد سپاهان,3.86E+16,303,IRO3TPSZ0001,IRO3TPSZ0007,محصولات شيميايي,44,2023-11-23T13:08:07.000Z,production
978,کمنگنز,معادن‌منگنزایران‌,5.03E+16,300,IRO1MNGZ0001,IRO1MNGZ0002,استخراج كانه هاي فلزي,13,2023-11-23T13:08:08.000Z,
982,حرهشا,رهشاد سپاهان (سهامی عام,3.04E+16,309,IRO7RAHP0001,IRO7RAHP0007,"حمل ونقل، انبارداري و ارتباطات",60,2023-11-23T13:08:10.000Z,contract
984,سکرما,سیمان‌ کرمان‌,1.55E+16,300,IRO1SKER0001,IRO1SKER0001,"سيمان، آهك و گچ",53,2023-11-23T13:08:10.000Z,production
985,تکنار,مجتمع معادن مس تکنار,5.25E+16,309,IRO7NARP0001,IRO7NARP0009,استخراج كانه هاي فلزي,13,2023-11-23T13:08:11.000Z,
987,توریل,توکاریل,3.74E+16,303,IRO3TORZ0001,IRO3TORZ0009,"حمل ونقل، انبارداري و ارتباطات",60,2023-11-23T13:08:11.000Z,contract
989,سهگمت,سیمان‌هگمتان‌,4.13E+16,300,IRO1SHGN0001,IRO1SHGN0008,"سيمان، آهك و گچ",53,2023-11-23T13:08:12.000Z,production
990,شکلر,نیروکلر,6.22E+16,300,IRO1NKOL0001,IRO1NKOL0000,محصولات شيميايي,44,2023-11-23T13:08:12.000Z,production
992,خفولا,خدمات فنی فولاد یزد,2.30E+16,309,IRO7KHEP0001,IRO7KHEP0000,خدمات فني و مهندسي,74,2023-11-23T13:08:13.000Z,contract
994,کهمدا,شیشه‌ همدان‌,6.72E+16,300,IRO1SHMD0001,IRO1SHMD0002,ساير محصولات كاني غيرفلزي,54,2023-11-23T13:08:14.000Z,
995,ثمسکن,سرمایه‌گذاری مسکن‌,3.86E+15,300,IRO1MSKN0001,IRO1MSKN0005,"انبوه سازي، املاك و مستغلات",70,2023-11-23T13:08:14.000Z,
996,زبینا,کشاورزی و دامپروری بینالود,5.45E+16,303,IRO3BAHZ0001,IRO3BAHZ0007,زراعت و خدمات وابسته,1,2023-11-23T13:08:14.000Z,
997,ثتوسا,س.توسعه و عمران استان اردبیل,4.77E+16,309,IRO7CTSP0001,IRO7CTSP0000,"انبوه سازي، املاك و مستغلات",70,2023-11-23T13:08:14.000Z,
998,دسینا2,داروسازی سینا,4.80E+16,300,IRO1DSIN0002,IRO1DSIN0000,مواد و محصولات دارويي,43,2023-11-23T13:08:15.000Z,production
999,لازما,کارخانه های صنعتی آزمایش,5.04E+16,309,IRO7AZMP0001,IRO7AZMP0000,ماشين آلات و تجهيزات,29,2023-11-23T13:08:15.000Z,production
1000,وتوشه,سرمایه‌ گذاری پارس‌ توشه‌,5.47E+16,300,IRO1TSHE0001,IRO1TSHE0004,ماشين آلات و تجهيزات,29,2023-11-23T13:08:15.000Z,production
1001,شجم,صنایع پتروشیمی تخت جمشید,6.12E+15,303,IRO3TJPZ0001,IRO3TJPZ0008,محصولات شيميايي,44,2023-11-23T13:08:16.000Z,production
1004,خکار,ایرکا پارت صنعت,5.92E+16,300,IRO1KRIR0001,IRO1KRIR0008,خودرو و ساخت قطعات,34,2023-11-23T13:08:17.000Z,production
1006,خساپا2,سایپا,6.44E+16,300,IRO1SIPA0002,IRO1SIPA0001,خودرو و ساخت قطعات,34,2023-11-23T13:08:17.000Z,production
1007,وسپهر,سرمایه گذاری مالی سپهرصادرات,1.14E+14,303,IRO3SAIZ0001,IRO3SAIZ0007,سرمايه گذاريها,56,2023-11-23T13:08:18.000Z,
1008,وبیمه,سرمایه‌ گذاری صنعت‌ بیمه‌,1.18E+16,300,IRO1BIME0001,IRO1BIME0009,سرمايه گذاريها,56,2023-11-23T13:08:18.000Z,
1011,دفارا,داروسازی فارابی,5.66E+16,300,IRO1DFRB0001,IRO1DFRB0008,مواد و محصولات دارويي,43,2023-11-23T13:08:19.000Z,production
1012,فنوال,نورد آلومینیوم‌,5.79E+16,300,IRO1NALM0001,IRO1NALM0004,فلزات اساسي,27,2023-11-23T13:08:19.000Z,production
1013,بکام,کارخانجات تولیدی شهید قندی,2.24E+16,300,IRO1KGND0001,IRO1KGND0000,ماشين آلات و دستگاه‌هاي برقي,31,2023-11-23T13:08:20.000Z,production
1014,چکاپا,گروه صنایع کاغذ پارس,2.90E+16,300,IRO1KAPA0011,IRO1KAPA0015,محصولات كاغذي,21,2023-11-23T13:08:20.000Z,production
1016,کپشیر,پشم‌شیشه‌ایران‌,5.76E+16,300,IRO1PSIR0001,IRO1PSIR0002,ساير محصولات كاني غيرفلزي,54,2023-11-23T13:08:21.000Z,
1017,داسوه,داروسازی اسوه‌,1.24E+16,300,IRO1DOSE0001,IRO1DOSE0003,مواد و محصولات دارويي,43,2023-11-23T13:08:21.000Z,production
1018,شتران2,پالایش نفت تهران,2.37E+16,300,IRO1PTEH0002,IRO1PTEH0007,"فراورده هاي نفتي، كك و سوخت هسته اي",23,2023-11-23T13:08:21.000Z,
1019,فارس,صنایع پتروشیمی خلیج فارس,2.52E+16,300,IRO1PKLJ0001,IRO1PKLJ0005,محصولات شيميايي,44,2023-11-23T13:08:22.000Z,production
1020,خدیزل,بهمن  دیزل,3.81E+16,303,IRO3DZLZ0001,IRO3DZLZ0000,خودرو و ساخت قطعات,34,2023-11-23T13:08:22.000Z,production
1021,فجهان,مجتمع جهان فولاد سیرجان,4.55E+16,303,IRO3SJSZ0001,IRO3SJSZ0006,فلزات اساسي,27,2023-11-23T13:08:22.000Z,production
1023,دتهران‌,داروسازی تهران‌ دارو,1.50E+16,309,IRO7THDP0001,IRO7THDP0002,مواد و محصولات دارويي,43,2023-11-23T13:08:23.000Z,production
1025,آواپارس,بیمه اتکایی آوای پارس70% تادیه,1.72E+16,309,IRO7AVPP0001,IRO7AVPP0001,بيمه وصندوق بازنشستگي به جزتامين اجتماعي,66,2023-11-23T13:08:24.000Z,
1027,زملارد,کشاورزی و دامپروری ملارد شیر,1.49E+16,303,IRO3MAHZ0001,IRO3MAHZ0004,زراعت و خدمات وابسته,1,2023-11-23T13:08:24.000Z,
1029,معیار ,سرمایه گذاری معیار صنعت پارس,5.06E+16,309,IRO7PSMP0001,IRO7PSMP0002,سرمايه گذاريها,56,2023-11-23T13:08:25.000Z,
1030,تبرک,گروه کارخانجات صنعتی تبرک,5.32E+16,303,IRO3TIGZ0001,IRO3TIGZ0000,محصولات غذايي و آشاميدني به جز قند و شكر,42,2023-11-23T13:08:25.000Z,production
1033,وکادو,تکادو,5.67E+16,309,IRO7TKDP0001,IRO7TKDP0007,سرمايه گذاريها,56,2023-11-23T13:08:26.000Z,
1034,چکاوه,صنایع‌کاغذسازیکاوه‌,2.43E+16,300,IRO1KSKA0001,IRO1KSKA0002,محصولات كاغذي,21,2023-11-23T13:08:27.000Z,production
1035,بورس,بورس اوراق بهادار تهران,6.05E+16,300,IRO1BORS0001,IRO1BORS0000,فعاليتهاي كمكي به نهادهاي مالي واسط,67,2023-11-23T13:08:27.000Z,
1039,ودانا,سرمایه گذاری دانایان,6.64E+16,309,IRO7DANP0001,IRO7DANP0005,سرمايه گذاريها,56,2023-11-23T13:08:28.000Z,
1041,وآرین,شرکت توسعه اقتصادی آرین,2.42E+16,309,IRO7ARNP0001,IRO7ARNP0009,سرمايه گذاريها,56,2023-11-23T13:08:29.000Z,
1042,وسنا,سرمایه گذاری نیروگاهی ایران,2.47E+16,309,IRO7SNAP0001,IRO7SNAP0008,سرمايه گذاريها,56,2023-11-23T13:08:29.000Z,
1044,سبهان,سیمان‌ بهبهان‌,3.25E+16,300,IRO1SBHN0001,IRO1SBHN0003,"سيمان، آهك و گچ",53,2023-11-23T13:08:30.000Z,production
1045,لخانه,لوازم‌ خانگی پارس‌,5.60E+16,309,IRO7LKPP0001,IRO7LKPP0001,ماشين آلات و تجهيزات,29,2023-11-23T13:08:30.000Z,production
1046,ثاخت,بین‌المللیتوسعه‌ساختمان,1.78E+16,300,IRO1BSTE0001,IRO1BSTE0000,"انبوه سازي، املاك و مستغلات",70,2023-11-23T13:08:31.000Z,
1047,بنیرو,نیروترانس‌,2.05E+16,300,IRO1NIRO0001,IRO1NIRO0008,ماشين آلات و دستگاه‌هاي برقي,31,2023-11-23T13:08:31.000Z,production
1048,خفنر,فنرسازیخاور,2.80E+16,300,IRO1KFAN0001,IRO1KFAN0004,خودرو و ساخت قطعات,34,2023-11-23T13:08:31.000Z,production
1051,رتکو,کنترل ‌خوردگی ‌تکین ‌کوی,4.99E+16,309,IRO7TKIN0001,IRO7TKIN0004,خدمات فني و مهندسي,74,2023-11-23T13:08:32.000Z,contract
1054,وغدیر2,سرمایه‌گذاریغدیر(هلدینگ‌,4.94E+16,300,IRO1GDIR0002,IRO1GDIR0000,شركتهاي چند رشته اي صنعتي,39,2023-11-23T13:08:33.000Z,
1058,ناما,تولیدی مخازن گازطبیعی آسیاناما,1.04E+16,303,IRO3NAMZ0001,IRO3NAMZ0006,خودرو و ساخت قطعات,34,2023-11-23T13:08:35.000Z,production
1059,وهامون,سرمایه گذاری هامون صبا,1.93E+16,303,IRO3HAIZ0001,IRO3HAIZ0000,سرمايه گذاريها,56,2023-11-23T13:08:35.000Z,
1061,خبازرس,بازرسی مهندسی و صنعتی ایران,1.93E+16,309,IRO7IEIP0001,IRO7IEIP0003,"فعاليت مهندسي، تجزيه، تحليل و آزمايش فني",71,2023-11-23T13:08:35.000Z,
1064,فسوژ,سوژمیران,5.64E+16,303,IRO3SOJZ0001,IRO3SOJZ0000,فلزات اساسي,27,2023-11-23T13:08:36.000Z,production
1067,وپسا,س. پتروشیمی ساختمان  خلیج فارس,1.16E+16,309,IRO7PGIP0001,IRO7PGIP0002,پيمانكاري صنعتي,45,2023-11-23T13:08:37.000Z,contract
1068,سرچشمه,سرمایه گذاری مس سرچشمه,3.59E+16,303,IRO3SARZ0001,IRO3SARZ0006,سرمايه گذاريها,56,2023-11-23T13:08:37.000Z,
1069,خودرو,ایران‌ خودرو,6.59E+16,300,IRO1IKCO0001,IRO1IKCO0008,خودرو و ساخت قطعات,34,2023-11-23T13:08:38.000Z,production
1070,سشمال,سیمان‌ شمال‌,6.76E+15,300,IRO1SIMS0001,IRO1SIMS0004,"سيمان، آهك و گچ",53,2023-11-23T13:08:38.000Z,production
1071,شفا,سرمایه گذاری شفادارو,3.69E+16,300,IRO1SHFA0001,IRO1SHFA0004,مواد و محصولات دارويي,43,2023-11-23T13:08:39.000Z,production
1073,فولاد,فولاد مبارکه اصفهان,4.63E+16,300,IRO1FOLD0001,IRO1FOLD0009,فلزات اساسي,27,2023-11-23T13:08:39.000Z,production
1075,فزر2,پویا زرکان آق دره,3.29E+16,303,IRO3PZAZ0002,IRO3PZAZ0009,استخراج كانه هاي فلزي,13,2023-11-23T13:08:40.000Z,
1078,وامید,گروه مدیریت سرمایه گذاری امید,5.22E+16,300,IRO1OIMC0001,IRO1OIMC0006,شركتهاي چند رشته اي صنعتي,39,2023-11-23T13:08:41.000Z,
1079,قپیرا,فرآورده‌هایغداییوقندپیرانشهر,6.70E+16,300,IRO1GPSH0001,IRO1GPSH0006,قند و شكر,38,2023-11-23T13:08:41.000Z,production
1081,رانفور,خدمات‌انفورماتیک‌,4.05E+16,300,IRO1INFO0001,IRO1INFO0002,رايانه و فعاليت‌هاي وابسته به آن,72,2023-11-23T13:08:42.000Z,contract
1082,حکشتی,کشتیرانی جمهوری اسلامی ایران,6.06E+16,300,IRO1KSHJ0001,IRO1KSHJ0008,"حمل ونقل، انبارداري و ارتباطات",60,2023-11-23T13:08:42.000Z,contract
1083,ثعتما,س. ساختمانی اعتماد گستر,6.47E+16,309,IRO7ETMP0001,IRO7ETMP0004,"انبوه سازي، املاك و مستغلات",70,2023-11-23T13:08:42.000Z,
1087,خکمک,کمک‌فنرایندامین‌,1.93E+16,300,IRO1INDM0001,IRO1INDM0006,خودرو و ساخت قطعات,34,2023-11-23T13:08:43.000Z,production
1089,بپیوند,برق و انرژی پیوندگستر پارس,6.46E+16,303,IRO3PGRZ0001,IRO3PGRZ0003,"عرضه برق، گاز، بخاروآب گرم",40,2023-11-23T13:08:44.000Z,
1092,کفرا,فراورده‌ های نسوزایران‌,2.38E+16,300,IRO1NASI0001,IRO1NASI0003,ساير محصولات كاني غيرفلزي,54,2023-11-23T13:08:45.000Z,
1093,چکارن,کارتن‌ ایران‌,5.31E+16,300,IRO1KRTI0001,IRO1KRTI0006,محصولات كاغذي,21,2023-11-23T13:08:45.000Z,production
1095,فاما,صنعتی آما,3.47E+16,300,IRO1SAMA0001,IRO1SAMA0002,ساخت محصولات فلزي,28,2023-11-23T13:08:46.000Z,contract
1096,ودی,بیمه  دی,4.40E+16,303,IRO3BMDZ0001,IRO3BMDZ0007,بيمه وصندوق بازنشستگي به جزتامين اجتماعي,66,2023-11-23T13:08:46.000Z,
1097,ونیرو,سرمایه‌گذارینیرو,6.26E+16,300,IRO1SNRO0001,IRO1SNRO0006,"عرضه برق، گاز، بخاروآب گرم",40,2023-11-23T13:08:47.000Z,
1099,اپال,فرآوری معدنی اپال کانی پارس,6.55E+14,300,IRO1OPAL0001,IRO1OPAL0000,استخراج كانه هاي فلزي,13,2023-11-23T13:08:47.000Z,
1101,شبندر,پالایش نفت بندرعباس,3.54E+16,300,IRO1PNBA0001,IRO1PNBA0003,"فراورده هاي نفتي، كك و سوخت هسته اي",23,2023-11-23T13:08:48.000Z,
1104,ممسنی,پتروشیمی ممسنی,7.51E+15,309,IRO7PMMP0001,IRO7PMMP0008,محصولات شيميايي,44,2023-11-23T13:08:49.000Z,production
1106,وسینا,بانک سینا,4.51E+16,300,IRO1VSIN0001,IRO1VSIN0008,بانكها و موسسات اعتباري,57,2023-11-23T13:08:50.000Z,
1110,سپیدار,سپیدار سیستم آسیا,2.96E+16,303,IRO3SSYZ0001,IRO3SSYZ0007,رايانه و فعاليت‌هاي وابسته به آن,72,2023-11-23T13:08:51.000Z,contract
1114,اتکام,بیمه اتکایی امین,2.74E+16,300,IRO1ETKA0001,IRO1ETKA0009,بيمه وصندوق بازنشستگي به جزتامين اجتماعي,66,2023-11-23T13:08:52.000Z,
1116,فپنتا,سپنتا,6.85E+16,300,IRO1SPTA0001,IRO1SPTA0008,فلزات اساسي,27,2023-11-23T13:08:53.000Z,production
1117,گشان,توسعه بین المللی پدیده شاندیز,7.04E+16,309,IRO7PSDP0001,IRO7PSDP0003,هتل و رستوران,55,2023-11-23T13:08:53.000Z,contract
1118,غسالم,سالمین‌,2.87E+16,300,IRO1SLMN0001,IRO1SLMN0004,محصولات غذايي و آشاميدني به جز قند و شكر,42,2023-11-23T13:08:53.000Z,production
1119,دکپسول,تولید ژلاتین کپسول ایران,5.24E+16,303,IRO3IGCZ0001,IRO3IGCZ0009,مواد و محصولات دارويي,43,2023-11-23T13:08:54.000Z,production
1122,وآوا,سرمایه گذاری آوا نوین,2.25E+16,303,IRO3ANIZ0001,IRO3ANIZ0002,سرمايه گذاريها,56,2023-11-23T13:08:55.000Z,
1124,حسینا,توسعه خدمات دریایی وبندری سینا,1.63E+15,303,IRO3SMBZ0001,IRO3SMBZ0000,"حمل ونقل، انبارداري و ارتباطات",60,2023-11-23T13:08:55.000Z,contract
1130,تاپیکو,س. نفت و گاز و پتروشیمی تأمین,2.26E+16,300,IRO1PTAP0001,IRO1PTAP0001,محصولات شيميايي,44,2023-11-23T13:08:57.000Z,production
1132,وبهمن,سرمایه‌گذاریبهمن‌,1.81E+16,300,IRO1SBAH0001,IRO1SBAH0008,سرمايه گذاريها,56,2023-11-23T13:08:58.000Z,
1135,چخزر,صنایع چوب خزر کاسپین,4.11E+16,303,IRO3CAWZ0001,IRO3CAWZ0007,محصولات چوبي,20,2023-11-23T13:08:59.000Z,production
1137,حپارسا,توسعه حمل و نقل ریلی پارسیان,9.18E+14,303,IRO3HPRZ0001,IRO3HPRZ0002,"حمل ونقل، انبارداري و ارتباطات",60,2023-11-23T13:09:00.000Z,contract
1139,وحافظ,بیمه حافظ,5.13E+15,309,IRO7HFZP0001,IRO7HFZP0002,بيمه وصندوق بازنشستگي به جزتامين اجتماعي,66,2023-11-23T13:09:00.000Z,
1140,دجابر,داروسازی جابرابن‌حیان‌,3.34E+16,300,IRO1DJBR0001,IRO1DJBR0004,مواد و محصولات دارويي,43,2023-11-23T13:09:01.000Z,production
1141,خزامیا,زامیاد,2.59E+15,300,IRO1ZMYD0001,IRO1ZMYD0002,خودرو و ساخت قطعات,34,2023-11-23T13:09:01.000Z,production
1143,جهرم,پتروشیمی جهرم,4.97E+16,309,IRO7PJHP0001,IRO7PJHP0000,محصولات شيميايي,44,2023-11-23T13:09:02.000Z,production
1145,شصدف,صنعتی دوده فام,2.04E+14,303,IRO3SDFZ0001,IRO3SDFZ0007,محصولات شيميايي,44,2023-11-23T13:09:02.000Z,production
1146,ولکار,لیزینگ کارآفرین,6.15E+16,300,IRO1LKAR0001,IRO1LKAR0002,ساير واسطه گريهاي مالي,58,2023-11-23T13:09:02.000Z,leasing
1148,کلوند,کاشی الوند,3.27E+16,300,IRO1ALVN0001,IRO1ALVN0003,كاشي و سراميك,49,2023-11-23T13:09:03.000Z,production
1151,گکیش,توریستی ورفاهی آبادگران کیش,4.47E+16,309,IRO7TRKP0001,IRO7TRKP0001,هتل و رستوران,55,2023-11-23T13:09:04.000Z,contract
1152,کماسه,تامین‌ ماسه‌ ریخته‌گری,6.77E+16,300,IRO1TAMI0001,IRO1TAMI0003,استخراج ساير معادن,14,2023-11-23T13:09:05.000Z,
1154,زفجر,کشاورزی و دامپروری فجر اصفهان,3.68E+16,303,IRO3FAHZ0001,IRO3FAHZ0003,زراعت و خدمات وابسته,1,2023-11-23T13:09:05.000Z,
1156,وفردا,بیمه هوشمند فردا 50% تادیه,3.62E+16,309,IRO7HFIZ0001,IRO7HFIZ0001,بيمه وصندوق بازنشستگي به جزتامين اجتماعي,66,2023-11-23T13:09:06.000Z,
1157,بفجر,فجر انرژی خلیج فارس,4.62E+16,300,IRO1BFJR0001,IRO1BFJR0002,"عرضه برق، گاز، بخاروآب گرم",40,2023-11-23T13:09:06.000Z,
1158,سرود,سیمان‌شاهرود,1.20E+16,300,IRO1SROD0001,IRO1SROD0008,"سيمان، آهك و گچ",53,2023-11-23T13:09:07.000Z,production
1161,کرماشا,صنایع پتروشیمی کرمانشاه,3.84E+16,300,IRO1PKER0001,IRO1PKER0004,محصولات شيميايي,44,2023-11-23T13:09:08.000Z,production
1162,هرمز,فولاد هرمزگان جنوب,7.05E+16,303,IRO3FOHZ0001,IRO3FOHZ0007,فلزات اساسي,27,2023-11-23T13:09:08.000Z,production
1163,دروز,داروسازی روزدارو,4.03E+16,300,IRO1ROZD0001,IRO1ROZD0009,مواد و محصولات دارويي,43,2023-11-23T13:09:09.000Z,production
1164,سصوفی,سیمان‌ صوفیان‌,1.32E+16,300,IRO1SSOF0001,IRO1SSOF0005,"سيمان، آهك و گچ",53,2023-11-23T13:09:09.000Z,production
1165,دهدشت,صنایع پتروشیمی دهدشت,1.54E+16,309,IRO7PDHP0001,IRO7PDHP0006,محصولات شيميايي,44,2023-11-23T13:09:09.000Z,production
1166,پتایر,ایران‌ تایر,4.19E+16,300,IRO1TAIR0001,IRO1TAIR0008,لاستيك و پلاستيك,25,2023-11-23T13:09:10.000Z,production
1167,وبملت,بانک ملت,7.78E+14,300,IRO1BMLT0001,IRO1BMLT0007,بانكها و موسسات اعتباري,57,2023-11-23T13:09:10.000Z,
1170,قزوین,کارخانجات‌ قند قزوین‌,1.53E+16,300,IRO1GGAZ0001,IRO1GGAZ0005,قند و شكر,38,2023-11-23T13:09:11.000Z,production
1172,ختوقا,قطعات‌ اتومبیل‌ ایران‌,7.03E+16,300,IRO1GHAT0001,IRO1GHAT0002,خودرو و ساخت قطعات,34,2023-11-23T13:09:12.000Z,production
1173,وآتوس,توسعه س. کشاورزی آرین توسکا,1.73E+16,309,IRO7ATSP0001,IRO7ATSP0002,سرمايه گذاريها,56,2023-11-23T13:09:12.000Z,
1181,وملی,گروه‌ صنعتی ملی (هلدینگ‌,4.18E+16,300,IRO1GMEL0001,IRO1GMEL0009,"دباغي، پرداخت چرم و ساخت انواع پاپوش",19,2023-11-23T13:09:15.000Z,
1183,ثشاهد,سرمایه‌ گذاری شاهد,6.35E+16,300,IRO1SAHD0001,IRO1SAHD0006,"انبوه سازي، املاك و مستغلات",70,2023-11-23T13:09:15.000Z,
1184,واحصا,احیاء صنایع خراسان,5.36E+16,309,IRO7VHSP0001,IRO7VHSP0001,سرمايه گذاريها,56,2023-11-23T13:09:16.000Z,
1185,کخاک,صنایع‌خاک‌چینیایران‌,1.64E+16,300,IRO1KCHI0001,IRO1KCHI0007,ساير محصولات كاني غيرفلزي,54,2023-11-23T13:09:16.000Z,
1188,شلرد,کود شیمیایی اوره لردگان,5.64E+16,309,IRO7SHLP0001,IRO7SHLP0003,محصولات شيميايي,44,2023-11-23T13:09:17.000Z,production
1190,خنصیر,مهندسینصیرماشین‌,1.78E+16,300,IRO1MNSR0001,IRO1MNSR0008,خودرو و ساخت قطعات,34,2023-11-23T13:09:17.000Z,production
1192,وایران,لیزینگ ایرانیان,3.15E+15,300,IRO1LIRZ0001,IRO1LIRZ0007,ساير واسطه گريهاي مالي,58,2023-11-23T13:09:18.000Z,leasing
1193,سفارود,کارخانه فارسیت درود,4.69E+15,309,IRO7SFAP0001,IRO7SFAP0008,ساير محصولات كاني غيرفلزي,54,2023-11-23T13:09:18.000Z,
1194,شهر,گروه مالی شهر,9.10E+15,300,IRO1GMSH0001,IRO1GMSH0009,سرمايه گذاريها,56,2023-11-23T13:09:18.000Z,
1200,بازرگام,پست پیشگامان بادپا,4.78E+16,309,IRO7BZGP0001,IRO7BZGP0007,اطلاعات و ارتباطات,73,2023-11-23T13:09:20.000Z,contract
1202,ساراب,سیمان‌ داراب‌,4.56E+15,300,IRO1SDAB0001,IRO1SDAB0002,"سيمان، آهك و گچ",53,2023-11-23T13:09:21.000Z,production
1204,کساپا,سایپاشیشه‌,2.83E+16,300,IRO1SISH0001,IRO1SISH0001,ساير محصولات كاني غيرفلزي,54,2023-11-23T13:09:21.000Z,
1208,بتهران,بیمه اتکایی تهران رواک50%تادیه,4.76E+16,309,IRO7THRP0001,IRO7THRP0006,بيمه وصندوق بازنشستگي به جزتامين اجتماعي,66,2023-11-23T13:09:23.000Z,
1209,سفار,سیمان‌فارس‌,4.12E+16,300,IRO1SFRS0001,IRO1SFRS0002,"سيمان، آهك و گچ",53,2023-11-23T13:09:23.000Z,production
1211,تپکو,تولیدتجهیزات‌سنگین‌هپکو,5.45E+16,309,IRO7HPKP0001,IRO7HPKP0007,ماشين آلات و تجهيزات,29,2023-11-23T13:09:24.000Z,production
1212,شنفت,نفت‌ پارس‌,1.41E+16,300,IRO1NPRS0001,IRO1NPRS0005,"فراورده هاي نفتي، كك و سوخت هسته اي",23,2023-11-23T13:09:24.000Z,
1213,وسبحان,سرمایه گذاری سبحان,4.33E+16,303,IRO3SOBZ0001,IRO3SOBZ0008,سرمايه گذاريها,56,2023-11-23T13:09:24.000Z,
1214,کمینا,شیشه سازی مینا,5.43E+16,309,IRO7MIGP0001,IRO7MIGP0005,ساير محصولات كاني غيرفلزي,54,2023-11-23T13:09:25.000Z,
1216,کاریز,بیمه زندگی کاریزما50%تادیه,1.60E+16,309,IRO7CMIZ0001,IRO7CMIZ0007,بيمه وصندوق بازنشستگي به جزتامين اجتماعي,66,2023-11-23T13:09:25.000Z,
1217,سیدکو,سرمایه گذاری توسعه صنایع سیمان,3.73E+16,300,IRO1CIDC0001,IRO1CIDC0001,"سيمان، آهك و گچ",53,2023-11-23T13:09:26.000Z,production
1224,ما,بیمه  ما,2.99E+16,300,IRO1BVMA0001,IRO1BVMA0006,بيمه وصندوق بازنشستگي به جزتامين اجتماعي,66,2023-11-23T13:09:28.000Z,
1225,دماوند,تولید نیروی برق دماوند,6.61E+16,303,IRO3BDMZ0001,IRO3BDMZ0007,"عرضه برق، گاز، بخاروآب گرم",40,2023-11-23T13:09:28.000Z,
1227,کهرام,تولیدی گرانیت بهسرام,2.56E+16,309,IRO7BEGP0001,IRO7BEGP0002,كاشي و سراميك,49,2023-11-23T13:09:29.000Z,production
1228,پارس,پتروشیمی پارس,6.11E+15,300,IRO1PARS0001,IRO1PARS0000,محصولات شيميايي,44,2023-11-23T13:09:29.000Z,production
1229,وملل,اعتباری ملل,2.46E+16,303,IRO3ASKZ0001,IRO3ASKZ0003,بانكها و موسسات اعتباري,57,2023-11-23T13:09:29.000Z,
1230,آبادا,تولید نیروی برق آبادان,3.77E+16,300,IRO1NBAB0001,IRO1NBAB0009,"عرضه برق، گاز، بخاروآب گرم",40,2023-11-23T13:09:30.000Z,
1232,فبستم,صنایع ‌بسته‌بندی مشهد,4.16E+15,309,IRO7FBSP0001,IRO7FBSP0007,ساخت محصولات فلزي,28,2023-11-23T13:09:30.000Z,contract
1233,کازرو,پتروشیمی کازرون,1.68E+16,309,IRO7PKZP0001,IRO7PKZP0005,محصولات شيميايي,44,2023-11-23T13:09:31.000Z,production
1234,کروی,توسعه‌ معادن‌ روی ایران‌,2.28E+16,300,IRO1ROOI0001,IRO1ROOI0007,استخراج كانه هاي فلزي,13,2023-11-23T13:09:31.000Z,
1236,شپاس,نفت پاسارگاد,3.52E+16,303,IRO3NPSZ0001,IRO3NPSZ0003,"فراورده هاي نفتي، كك و سوخت هسته اي",23,2023-11-23T13:09:32.000Z,
1238,ختور,رادیاتور ایران‌,5.02E+16,300,IRO1RADI0001,IRO1RADI0006,خودرو و ساخت قطعات,34,2023-11-23T13:09:32.000Z,production
1239,تکشا,گسترش‌صنایع‌وخدمات‌کشاورزی,6.23E+16,300,IRO1GSKE0001,IRO1GSKE0004,ماشين آلات و تجهيزات,29,2023-11-23T13:09:33.000Z,production
1245,فن افزار,توسعه فن افزار توسن,6.92E+16,303,IRO3TOTZ0001,IRO3TOTZ0007,رايانه و فعاليت‌هاي وابسته به آن,72,2023-11-23T13:09:35.000Z,contract
1246,ولساپا,لیزینگ رایان‌ سایپا,4.52E+16,300,IRO1RSAP0001,IRO1RSAP0000,ساير واسطه گريهاي مالي,58,2023-11-23T13:09:35.000Z,leasing
1247,قلرست,قند لرستان‌,5.68E+16,300,IRO1GLOR0001,IRO1GLOR0002,قند و شكر,38,2023-11-23T13:09:35.000Z,production
1249,دسبحا,گروه دارویی سبحان,4.36E+16,300,IRO1DSOB0001,IRO1DSOB0006,مواد و محصولات دارويي,43,2023-11-23T13:09:36.000Z,production
1250,دانا,بیمه دانا,4.85E+16,300,IRO1BDAN0001,IRO1BDAN0007,بيمه وصندوق بازنشستگي به جزتامين اجتماعي,66,2023-11-23T13:09:36.000Z,
1254,پاسا,ایران‌یاساتایرورابر,6.36E+16,300,IRO1YASA0001,IRO1YASA0008,لاستيك و پلاستيك,25,2023-11-23T13:09:37.000Z,production
1264,بالبر,کابل‌ البرز,6.30E+16,300,IRO1KALZ0001,IRO1KALZ0002,ماشين آلات و دستگاه‌هاي برقي,31,2023-11-23T13:09:41.000Z,production
1265,کنور,توسعه معدنی و صنعتی صبانور,2.04E+16,300,IRO1KNRZ0001,IRO1KNRZ0001,استخراج كانه هاي فلزي,13,2023-11-23T13:09:42.000Z,
1266,کوثر,بیمه کوثر,2.23E+16,303,IRO3BKSZ0001,IRO3BKSZ0002,بيمه وصندوق بازنشستگي به جزتامين اجتماعي,66,2023-11-23T13:09:42.000Z,
1268,فلوله,لوله‌وماشین‌سازیایران‌,4.86E+16,300,IRO1LMIR0001,IRO1LMIR0002,فلزات اساسي,27,2023-11-23T13:09:43.000Z,production
1269,شسپا,نفت سپاهان,4.92E+16,300,IRO1SEPP0001,IRO1SEPP0008,"فراورده هاي نفتي، كك و سوخت هسته اي",23,2023-11-23T13:09:43.000Z,
1271,گپارس,امور رفاهی کارگزاران پارس,5.98E+16,309,IRO7PBRP0001,IRO7PBRP0006,هتل و رستوران,55,2023-11-23T13:09:44.000Z,contract
1272,فافزا,فولاد افزا سپاهان,6.60E+16,309,IRO7FAFP0001,IRO7FAFP0003,فلزات اساسي,27,2023-11-23T13:09:44.000Z,production
1273,حخزر,کشتیرانی دریای خزر,2.83E+16,303,IRO3KHZZ0001,IRO3KHZZ0007,حمل و نقل آبي,61,2023-11-23T13:09:44.000Z,contract
1274,لکما,کارخانجات‌مخابراتیایران‌,4.56E+16,309,IRO7KMOP0001,IRO7KMOP0001,ساخت دستگاه‌ها و وسايل ارتباطي,32,2023-11-23T13:09:45.000Z,
1276,وآذر,سرمایه‌گذاریتوسعه‌آذربایجان‌,1.36E+15,300,IRO1TAZB0001,IRO1TAZB0005,"انبوه سازي، املاك و مستغلات",70,2023-11-23T13:09:45.000Z,
1278,حپترو,حمل و نقل پتروشیمی( سهامی عام,1.64E+16,300,IRO1HJPT0001,IRO1HJPT0002,"حمل ونقل، انبارداري و ارتباطات",60,2023-11-23T13:09:46.000Z,contract
1280,لپیام,گسترش صنایع پیام,7.94E+14,309,IRO7PYAP0001,IRO7PYAP0008,ساخت دستگاه‌ها و وسايل ارتباطي,32,2023-11-23T13:09:47.000Z,
1282,ساروج,بین المللی ساروج بوشهر,2.54E+16,303,IRO3SRBZ0001,IRO3SRBZ0005,"سيمان، آهك و گچ",53,2023-11-23T13:09:47.000Z,production
1283,شملی,ملی شیمی کشاورز,5.59E+16,303,IRO3MECZ0001,IRO3MECZ0005,محصولات شيميايي,44,2023-11-23T13:09:48.000Z,production
1284,بجهرم,توسعه مولد نیروگاهی جهرم,3.36E+16,303,IRO3JPPZ0001,IRO3JPPZ0002,"عرضه برق، گاز، بخاروآب گرم",40,2023-11-23T13:09:48.000Z,
1285,انتخاب,گروه انتخاب الکترونیک آرمان,1.02E+16,303,IRO3EELZ0001,IRO3EELZ0004,ماشين آلات و تجهيزات,29,2023-11-23T13:09:48.000Z,production
1286,کترام,تولیدی کاشی تکسرام‌,2.41E+16,300,IRO1TKSM0001,IRO1TKSM0009,كاشي و سراميك,49,2023-11-23T13:09:49.000Z,production
1287,مرقام,ایران ارقام,2.50E+16,309,IRO7IAGM0001,IRO7IAGM0002,رايانه و فعاليت‌هاي وابسته به آن,72,2023-11-23T13:09:49.000Z,contract
1288,وسین,بیمه سینا,5.66E+16,309,IRO7VSNP0001,IRO7VSNP0003,بيمه وصندوق بازنشستگي به جزتامين اجتماعي,66,2023-11-23T13:09:49.000Z,
1292,بتک,کارخانجات کابل سازی تک‌,5.44E+16,309,IRO7KTAP0001,IRO7KTAP0000,ماشين آلات و دستگاه‌هاي برقي,31,2023-11-23T13:09:50.000Z,production
1293,کلر,کلر پارس,1.82E+15,303,IRO3CHPZ0001,IRO3CHPZ0009,محصولات شيميايي,44,2023-11-23T13:09:51.000Z,production
1294,کسرا,سرامیک‌هایصنعتیاردکان‌,4.61E+15,300,IRO1ARDK0001,IRO1ARDK0002,ساير محصولات كاني غيرفلزي,54,2023-11-23T13:09:51.000Z,
1295,شپدیس2,پتروشیمی پردیس,1.22E+16,300,IRO1PRDZ0002,IRO1PRDZ0008,محصولات شيميايي,44,2023-11-23T13:09:51.000Z,production
1298,شستان,پتروشیمی گلستان,3.17E+15,309,IRO7STNP0001,IRO7STNP0007,محصولات شيميايي,44,2023-11-23T13:09:53.000Z,production
1300,شیران,س. صنایع‌شیمیاییایران,3.58E+16,300,IRO1SSIN0001,IRO1SSIN0003,محصولات شيميايي,44,2023-11-23T13:09:53.000Z,production
1302,غشهد,شهد ایران ‌,2.05E+16,300,IRO1SHAD0001,IRO1SHAD0006,محصولات غذايي و آشاميدني به جز قند و شكر,42,2023-11-23T13:09:54.000Z,production
1303,کرومیت,توسعه معادن کرومیت کاوندگان,4.96E+16,303,IRO3KVNZ0001,IRO3KVNZ0003,استخراج كانه هاي فلزي,13,2023-11-23T13:09:54.000Z,
1305,رتاپ,تجارت الکترونیک  پارسیان,4.10E+16,300,IRO1EPRS0001,IRO1EPRS0006,رايانه و فعاليت‌هاي وابسته به آن,72,2023-11-23T13:09:55.000Z,contract
1306,کحافظ,کاشی وسرامیک‌ حافظ‌,3.23E+16,300,IRO1KHFZ0001,IRO1KHFZ0003,كاشي و سراميك,49,2023-11-23T13:09:55.000Z,production
1308,شیراز,پتروشیمیشیراز,3.86E+16,300,IRO1PSHZ0001,IRO1PSHZ0003,محصولات شيميايي,44,2023-11-23T13:09:56.000Z,production
1309,فایرا,آلومینیوم‌ایران‌,6.50E+16,300,IRO1ALIR0001,IRO1ALIR0006,فلزات اساسي,27,2023-11-23T13:09:56.000Z,production
1310,شخارک,پتروشیمی خارک‌,7.09E+16,300,IRO1PKHA0001,IRO1PKHA0000,محصولات شيميايي,44,2023-11-23T13:09:57.000Z,production
1311,شتهران,داروسازی تهران شیمی,3.10E+16,309,IRO7THSP0001,IRO7THSP0005,مواد و محصولات دارويي,43,2023-11-23T13:09:57.000Z,production
1313,شاروم,پتروشیمی ارومیه,3.41E+15,303,IRO3URPZ0001,IRO3URPZ0005,محصولات شيميايي,44,2023-11-23T13:09:58.000Z,production
1314,اردستان,سیمان اردستان,3.53E+16,300,IRO1ARDS0001,IRO1ARDS0004,"سيمان، آهك و گچ",53,2023-11-23T13:09:58.000Z,production
1316,سمگا,گروه سرمایه گذاری میراث فرهنگی,4.67E+16,303,IRO3IMFZ0001,IRO3IMFZ0008,هتل و رستوران,55,2023-11-23T13:09:59.000Z,contract
1317,خاور,ایران خودرو دیزل,4.93E+16,303,IRO3IKDP0001,IRO3IKDP0004,خودرو و ساخت قطعات,34,2023-11-23T13:09:59.000Z,production
1318,نطرین,عطرین نخ قم,6.47E+16,303,IRO3ANQZ0001,IRO3ANQZ0002,منسوجات,17,2023-11-23T13:10:00.000Z,production
1319,فزر,پویا زرکان آق دره,8.18E+15,303,IRO3PZAZ0001,IRO3PZAZ0009,استخراج كانه هاي فلزي,13,2023-11-23T13:10:00.000Z,
1322,غدیس,پاکدیس,3.49E+15,303,IRO3PKDZ0001,IRO3PKDZ0003,محصولات غذايي و آشاميدني به جز قند و شكر,42,2023-11-23T13:10:01.000Z,production
1323,سیلام,سیمان‌ ایلام‌,1.46E+16,300,IRO1SEIL0001,IRO1SEIL0001,"سيمان، آهك و گچ",53,2023-11-23T13:10:01.000Z,production
1325,سمازن,سیمان‌مازندران‌,3.38E+16,300,IRO1SMAZ0001,IRO1SMAZ0003,"سيمان، آهك و گچ",53,2023-11-23T13:10:02.000Z,production
1328,مفاخر,توسعه فناوری اطلاعات خوارزمی,4.25E+15,303,IRO3KARZ0001,IRO3KARZ0004,رايانه و فعاليت‌هاي وابسته به آن,72,2023-11-23T13:10:03.000Z,contract
1329,تکمبا,کمباین‌ سازی ایران‌,3.07E+16,300,IRO1COMB0001,IRO1COMB0003,ماشين آلات و تجهيزات,29,2023-11-23T13:10:03.000Z,production
1330,شفارس,صنایع‌ شیمیایی فارس‌,4.38E+16,300,IRO1SHFS0001,IRO1SHFS0004,محصولات شيميايي,44,2023-11-23T13:10:03.000Z,production
1331,بالاس,مهندسی ساختمان تاسیسات راه آهن,8.65E+15,303,IRO3BLSZ0001,IRO3BLSZ0001,پيمانكاري صنعتي,45,2023-11-23T13:10:04.000Z,contract
1333,وملت,سرمایه گذاری ملت,1.01E+16,309,IRO7MIVP0001,IRO7MIVP0006,سرمايه گذاريها,56,2023-11-23T13:10:04.000Z,
1334,ولراز,لیزینگ رازی,1.29E+16,309,IRO7RAZP0001,IRO7RAZP0005,ساير واسطه گريهاي مالي,58,2023-11-23T13:10:05.000Z,leasing
1338,آبین,کشت و صنعت آبشیرین,9.99E+15,309,IRO7ABYP0001,IRO7ABYP0004,زراعت و خدمات وابسته,1,2023-11-23T13:10:06.000Z,
1339,زاگرس,پتروشیمی زاگرس,1.32E+16,303,IRO3PZGZ0001,IRO3PZGZ0003,محصولات شيميايي,44,2023-11-23T13:10:06.000Z,production
1340,شاملا,معدنی املاح‌  ایران‌,1.70E+16,300,IRO1AMLH0001,IRO1AMLH0002,محصولات شيميايي,44,2023-11-23T13:10:06.000Z,production
1341,وسدید,گروه ‌صنعتیسدید,4.17E+16,309,IRO7SDIP0001,IRO7SDIP0002,فلزات اساسي,27,2023-11-23T13:10:07.000Z,production
1342,شساخت,مهندسی و ساختمان صنایع نفت,1.53E+16,309,IRO7OECP0001,IRO7OECP0001,استخراج نفت گاز و خدمات جنبي جز اكتشاف,11,2023-11-23T13:10:07.000Z,contract
1343,درازی,پخش رازی,1.66E+16,303,IRO3PSRZ0001,IRO3PSRZ0009,مواد و محصولات دارويي,43,2023-11-23T13:10:07.000Z,production
1350,سغرب,سیمان‌غرب‌,5.22E+16,300,IRO1SGRB0001,IRO1SGRB0000,"سيمان، آهك و گچ",53,2023-11-23T13:10:10.000Z,production
1352,ونیکی,سرمایه‌گذاری ملیایران‌,2.53E+16,300,IRO1NIKI0001,IRO1NIKI0003,شركتهاي چند رشته اي صنعتي,39,2023-11-23T13:10:10.000Z,
1354,خشرق,الکتریک‌ خودرو شرق‌,6.39E+16,300,IRO1KHSH0001,IRO1KHSH0000,خودرو و ساخت قطعات,34,2023-11-23T13:10:11.000Z,production
1355,حشکوه2,دلیجان طلایی شکوه پارس,1.01E+16,309,IRO7DLIP0002,IRO7DLIP0009,"حمل ونقل، انبارداري و ارتباطات",60,2023-11-23T13:10:11.000Z,contract
1356,چافست,افست‌,2.39E+16,300,IRO1OFST0001,IRO1OFST0004,"انتشار، چاپ و تكثير",22,2023-11-23T13:10:11.000Z,
1358,غدانه,پنبه و دانه های روغنی خراسان,8.23E+15,303,IRO3KCOZ0001,IRO3KCOZ0005,محصولات غذايي و آشاميدني به جز قند و شكر,42,2023-11-23T13:10:12.000Z,production
1359,کگهر,سنگ آهن گهرزمین,3.07E+16,303,IRO3GZIZ0001,IRO3GZIZ0002,استخراج كانه هاي فلزي,13,2023-11-23T13:10:13.000Z,
1364,فسبزوار,پارس فولاد سبزوار,3.73E+16,300,IRO1FSBZ0001,IRO1FSBZ0001,فلزات اساسي,27,2023-11-23T13:10:14.000Z,production
1365,غویتا,ویتانا,3.78E+16,303,IRO3VITZ0001,IRO3VITZ0001,محصولات غذايي و آشاميدني به جز قند و شكر,42,2023-11-23T13:10:14.000Z,production
1367,ارفع,شرکت آهن و فولاد ارفع,5.93E+16,303,IRO3ARFZ0001,IRO3ARFZ0001,فلزات اساسي,27,2023-11-23T13:10:15.000Z,production
1372,خکاوه,سایپا دیزل,6.48E+16,309,IRO7SDLP0001,IRO7SDLP0007,خودرو و ساخت قطعات,34,2023-11-23T13:10:17.000Z,production
1374,ملت,بیمه ملت,1.36E+16,300,IRO1BMEL0001,IRO1BMEL0004,بيمه وصندوق بازنشستگي به جزتامين اجتماعي,66,2023-11-23T13:10:17.000Z,
1377,قشکر,شکرشاهرود,3.60E+16,300,IRO1SHKR0001,IRO1SHKR0008,قند و شكر,38,2023-11-23T13:10:18.000Z,production
1379,حآسا,آسیا سیر ارس,4.46E+16,303,IRO3ASAZ0001,IRO3ASAZ0005,"حمل ونقل، انبارداري و ارتباطات",60,2023-11-23T13:10:19.000Z,contract
1380,شبندر2,پالایش نفت بندرعباس,5.12E+16,300,IRO1PNBA0002,IRO1PNBA0003,"فراورده هاي نفتي، كك و سوخت هسته اي",23,2023-11-23T13:10:19.000Z,
1381,شتران,پالایش نفت تهران,5.16E+16,300,IRO1PTEH0001,IRO1PTEH0007,"فراورده هاي نفتي، كك و سوخت هسته اي",23,2023-11-23T13:10:20.000Z,
1382,کقزوی,شیشه‌ قزوین‌,6.35E+16,309,IRO7SHQP0001,IRO7SHQP0008,ساير محصولات كاني غيرفلزي,54,2023-11-23T13:10:20.000Z,
1383,ساینا,صنایع بهداشتی ساینا,6.43E+16,303,IRO3SYNZ0001,IRO3SYNZ0002,محصولات شيميايي,44,2023-11-23T13:10:20.000Z,production
1385,وفتخار,سرمایه گذاری افتخار سهام,2.71E+16,309,IRO7EFSP0001,IRO7EFSP0004,سرمايه گذاريها,56,2023-11-23T13:10:21.000Z,
1387,تپمپی2,پمپ‌ سازی ایران‌,5.64E+16,300,IRO1PIRN0002,IRO1PIRN0007,ماشين آلات و تجهيزات,29,2023-11-23T13:10:22.000Z,production
1388,واعتبار,سرمایه گذاری اعتبار ایران,4.78E+16,300,IRO1IDOC0001,IRO1IDOC0007,سرمايه گذاريها,56,2023-11-23T13:10:22.000Z,
1395,دلقما,دارویی لقمان‌,2.92E+16,300,IRO1DLGM0001,IRO1DLGM0000,مواد و محصولات دارويي,43,2023-11-23T13:10:24.000Z,production
1397,شراز,پالایش نفت شیراز,1.40E+16,300,IRO1PRZZ0001,IRO1PRZZ0002,"فراورده هاي نفتي، كك و سوخت هسته اي",23,2023-11-23T13:10:25.000Z,
1398,شکربن,کربن‌ ایران‌,2.73E+16,300,IRO1CRBN0001,IRO1CRBN0009,محصولات شيميايي,44,2023-11-23T13:10:25.000Z,production
1400,والماس,س. الماس حکمت ایرانیان,3.63E+16,303,IRO3AHIZ0001,IRO3AHIZ0000,سرمايه گذاريها,56,2023-11-23T13:10:26.000Z,
1401,کباده,تولید خاک نسوزاستقلال آباده,5.60E+16,309,IRO7KBDP0001,IRO7KBDP0007,ساير محصولات كاني غيرفلزي,54,2023-11-23T13:10:26.000Z,
1402,دالبر,البرزدارو,6.05E+16,300,IRO1DALZ0001,IRO1DALZ0001,مواد و محصولات دارويي,43,2023-11-23T13:10:27.000Z,production
1404,نوین,بیمه نوین,5.99E+16,303,IRO3BNOP0001,IRO3BNOP0005,بيمه وصندوق بازنشستگي به جزتامين اجتماعي,66,2023-11-23T13:10:27.000Z,
1412,تفیرو,مهندسی فیروزا,4.51E+16,309,IRO7FROP0001,IRO7FROP0003,ماشين آلات و تجهيزات,29,2023-11-23T13:10:30.000Z,production
1414,رفاه,فروشگاه های زنجیره ای رفاه,3.34E+16,309,IRO7REFP0001,IRO7REFP0005,"خرده فروشي،باستثناي وسايل نقليه موتوري",47,2023-11-23T13:10:31.000Z,contract
1415,پردیس,سرمایه گذاری پردیس,1.50E+16,300,IRO1AYEG0001,IRO1AYEG0008,سرمايه گذاريها,56,2023-11-23T13:10:31.000Z,
1416,فارس2,صنایع پتروشیمی خلیج فارس,4.15E+16,300,IRO1PKLJ0002,IRO1PKLJ0005,محصولات شيميايي,44,2023-11-23T13:10:32.000Z,production
1417,بنو,بیمه تجارت نو,5.45E+16,303,IRO3TNIZ0001,IRO3TNIZ0001,بيمه وصندوق بازنشستگي به جزتامين اجتماعي,66,2023-11-23T13:10:32.000Z,
1420,وهور,مدیریت انرژی امید  تابان هور,2.52E+16,303,IRO3HORZ0001,IRO3HORZ0003,"عرضه برق، گاز، بخاروآب گرم",40,2023-11-23T13:10:33.000Z,
1421,خوساز,محورسازان‌ایران‌خودرو,3.19E+16,300,IRO1MESI0001,IRO1MESI0000,خودرو و ساخت قطعات,34,2023-11-23T13:10:33.000Z,production
1426,اتکاسا,بیمه اتکایی سامان,6.86E+16,309,IRO7SREP0001,IRO7SREP0000,بيمه وصندوق بازنشستگي به جزتامين اجتماعي,66,2023-11-23T13:10:35.000Z,
1428,غکورش,صنعت غذایی کورش,6.24E+16,300,IRO1KRSH0001,IRO1KRSH0008,محصولات غذايي و آشاميدني به جز قند و شكر,42,2023-11-23T13:10:36.000Z,production
1429,واحیا,م .صنایع و معادن احیاء سپاهان,1.73E+16,309,IRO7VHYP0001,IRO7VHYP0003,سرمايه گذاريها,56,2023-11-23T13:10:36.000Z,
1430,فجام,جام‌دارو,3.08E+16,300,IRO1JAMD0001,IRO1JAMD0000,ساخت محصولات فلزي,28,2023-11-23T13:10:36.000Z,contract
1432,وساخت,سرمایه‌ گذاری ساختمان‌ایران‌,2.55E+16,300,IRO1SAKH0001,IRO1SAKH0007,"انبوه سازي، املاك و مستغلات",70,2023-11-23T13:10:37.000Z,
1434,دارو,کارخانجات‌داروپخش‌,6.80E+16,300,IRO1DPAK0001,IRO1DPAK0004,مواد و محصولات دارويي,43,2023-11-23T13:10:38.000Z,production
1435,شلیا,شرکت مواد ویژه لیا,2.60E+16,309,IRO7LIAZ0001,IRO7LIAZ0000,ساير محصولات كاني غيرفلزي,54,2023-11-23T13:10:38.000Z,
1436,آریا,پلیمر آریا ساسول,5.51E+16,303,IRO3APOZ0001,IRO3APOZ0002,محصولات شيميايي,44,2023-11-23T13:10:38.000Z,production
1438,تاتمس,کارخانجات صنعتی وتولیدی اتمسفر,3.55E+16,309,IRO7ATMP0001,IRO7ATMP0008,ماشين آلات و تجهيزات,29,2023-11-23T13:10:39.000Z,production
1440,وشمال,س. چشم انداز توسعه شمال,9.76E+15,309,IRO7SHOP0001,IRO7SHOP0000,سرمايه گذاريها,56,2023-11-23T13:10:39.000Z,
1444,ورنا,سرمایه‌گذاری رنا(هلدینگ‌,7.39E+15,300,IRO1RENA0001,IRO1RENA0008,خودرو و ساخت قطعات,34,2023-11-23T13:10:41.000Z,production
1447,سهگمت2,سیمان‌هگمتان‌,1.94E+16,300,IRO1SHGN0002,IRO1SHGN0008,"سيمان، آهك و گچ",53,2023-11-23T13:10:42.000Z,production
1448,قچار,فراوردههای غذایی وقند چهارمحال,2.36E+16,303,IRO3CHRZ0001,IRO3CHRZ0007,قند و شكر,38,2023-11-23T13:10:42.000Z,production
1449,زفکا2,کشت و دامداری فکا,4.32E+16,303,IRO3FAAZ0002,IRO3FAAZ0000,زراعت و خدمات وابسته,1,2023-11-23T13:10:42.000Z,
1450,کیسون,شرکت کیسون,5.00E+16,309,IRO7KSNP0001,IRO7KSNP0006,"انبوه سازي، املاك و مستغلات",70,2023-11-23T13:10:43.000Z,
1451,قنیشا,قند  نیشابور,6.34E+16,300,IRO1GNBO0001,IRO1GNBO0008,قند و شكر,38,2023-11-23T13:10:43.000Z,production
1453,وطوبی,سرمایه گذاری اقتصاد شهر طوبی,3.96E+15,303,IRO3TOIZ0001,IRO3TOIZ0000,سرمايه گذاريها,56,2023-11-23T13:10:44.000Z,
1456,خبهمن,گروه‌بهمن‌,2.68E+16,300,IRO1BHMN0001,IRO1BHMN0009,خودرو و ساخت قطعات,34,2023-11-23T13:10:45.000Z,production
1458,آسیا,بیمه آسیا,5.11E+16,300,IRO1ASIA0001,IRO1ASIA0008,بيمه وصندوق بازنشستگي به جزتامين اجتماعي,66,2023-11-23T13:10:46.000Z,
1460,غشاذر,پگاه‌آذربایجان‌غربی,5.99E+16,300,IRO1SHPZ0001,IRO1SHPZ0003,محصولات غذايي و آشاميدني به جز قند و شكر,42,2023-11-23T13:10:46.000Z,production
1463,رنیک,جنرال مکانیک,3.39E+16,303,IRO3GEMZ0001,IRO3GEMZ0001,خدمات فني و مهندسي,74,2023-11-23T13:10:47.000Z,contract
1464,وسپه,سرمایه‌گذاری سپه‌,2.33E+15,300,IRO1SPAH0001,IRO1SPAH0002,سرمايه گذاريها,56,2023-11-23T13:10:48.000Z,
1470,فتوسا,تولید و توسعه سرب روی ایرانیان,5.54E+16,303,IRO3ILZZ0001,IRO3ILZZ0005,فلزات اساسي,27,2023-11-23T13:10:50.000Z,production
1471,ولیز,لیزینگ ایران,5.68E+16,309,IRO7LZIN0001,IRO7LZIN0005,ساير واسطه گريهاي مالي,58,2023-11-23T13:10:50.000Z,leasing
1472,توسن,توسعه سامانه ی نرم افزاری نگین,6.63E+16,303,IRO3TOSZ0001,IRO3TOSZ0008,رايانه و فعاليت‌هاي وابسته به آن,72,2023-11-23T13:10:51.000Z,contract
1473,بکاب,صنایع‌جوشکاب‌یزد,7.02E+16,300,IRO1JOSH0001,IRO1JOSH0004,ماشين آلات و دستگاه‌هاي برقي,31,2023-11-23T13:10:51.000Z,production
1474,شاراک,پتروشیمی شازند,7.71E+15,300,IRO1PARK0001,IRO1PARK0008,محصولات شيميايي,44,2023-11-23T13:10:51.000Z,production
1476,اوان,مبین وان کیش,6.98E+16,303,IRO3MOBZ0001,IRO3MOBZ0004,اطلاعات و ارتباطات,73,2023-11-23T13:10:52.000Z,contract
1478,غگل,گلوکوزان‌,2.23E+16,300,IRO1GCOZ0001,IRO1GCOZ0003,محصولات غذايي و آشاميدني به جز قند و شكر,42,2023-11-23T13:10:53.000Z,production
1480,تشتاد,صنایع تولیدی اشتاد ایران‌,6.61E+16,309,IRO7ESHP0001,IRO7ESHP0002,خودرو و ساخت قطعات,34,2023-11-23T13:10:53.000Z,production
1482,وتوسم,سرمایه‌گذاریتوسعه‌ملی,1.75E+16,300,IRO1TMEL0001,IRO1TMEL0004,سرمايه گذاريها,56,2023-11-23T13:10:54.000Z,
1489,آرمان,بیمه آرمان,3.87E+16,309,IRO7ARMP0001,IRO7ARMP0000,بيمه وصندوق بازنشستگي به جزتامين اجتماعي,66,2023-11-23T13:10:57.000Z,
1490,آباد,توریستی ورفاهی آبادگران ایران,5.96E+16,300,IRO1ABAD0001,IRO1ABAD0002,هتل و رستوران,55,2023-11-23T13:10:57.000Z,contract
1491,خمحرکه,نیرو محرکه‌,3.94E+16,300,IRO1NMOH0001,IRO1NMOH0004,خودرو و ساخت قطعات,34,2023-11-23T13:10:58.000Z,production
1494,شکف,کف,5.86E+16,309,IRO7KAFP0001,IRO7KAFP0006,محصولات شيميايي,44,2023-11-23T13:10:59.000Z,production
1496,مدیریت,س. و خدمات مدیریت صند. ب کشوری,1.25E+16,303,IRO3ISMZ0001,IRO3ISMZ0003,سرمايه گذاريها,56,2023-11-23T13:11:00.000Z,
1497,لطیف,محصولات کاغذی لطیف,1.64E+16,303,IRO3LPCZ0001,IRO3LPCZ0003,محصولات كاغذي,21,2023-11-23T13:11:00.000Z,production
1498,کبافق,معادن‌ بافق‌,4.33E+16,300,IRO1BAFG0001,IRO1BAFG0004,استخراج كانه هاي فلزي,13,2023-11-23T13:11:00.000Z,
1499,تپسی,پیشگامان فن آوری و دانش آرامیس,3.84E+15,303,IRO3TASZ0001,IRO3TASZ0004,رايانه و فعاليت‌هاي وابسته به آن,72,2023-11-23T13:11:01.000Z,contract
1500,چدن,تولیدی چدن سازان,1.23E+16,300,IRO1CHDN0001,IRO1CHDN0009,ساخت محصولات فلزي,28,2023-11-23T13:11:01.000Z,contract
1501,فوکا,فولاد کاویان,6.65E+16,309,IRO7FVAP0001,IRO7FVAP0003,فلزات اساسي,27,2023-11-23T13:11:01.000Z,production
1503,دلر,داروسازی اکسیر,4.38E+15,300,IRO1EXIR0001,IRO1EXIR0008,مواد و محصولات دارويي,43,2023-11-23T13:11:02.000Z,production
1505,فروی,ذوب روی اصفهان,3.00E+16,303,IRO3IZSZ0001,IRO3IZSZ0008,فلزات اساسي,27,2023-11-23T13:11:03.000Z,production
1509,کی بی سی,شرکت کی بی سی,6.30E+16,303,IRO3KBCZ0001,IRO3KBCZ0000,مواد و محصولات دارويي,43,2023-11-23T13:11:04.000Z,production
1510,ولپارس,لیزینگ پارسیان,4.82E+16,300,IRO1LPRS0001,IRO1LPRS0007,ساير واسطه گريهاي مالي,58,2023-11-23T13:11:04.000Z,leasing
1512,ولصنم,لیزینگ‌صنعت‌ومعدن‌,7.17E+16,300,IRO1LSMD0001,IRO1LSMD0006,ساير واسطه گريهاي مالي,58,2023-11-23T13:11:05.000Z,leasing
1513,سصفها,سیمان‌اصفهان‌,1.06E+16,300,IRO1SEFH0001,IRO1SEFH0000,"سيمان، آهك و گچ",53,2023-11-23T13:11:05.000Z,production
1514,غنوش,نوش‌ مازندران‌,4.86E+16,300,IRO1NOSH0001,IRO1NOSH0008,محصولات غذايي و آشاميدني به جز قند و شكر,42,2023-11-23T13:11:06.000Z,production
1516,قشهد,شهد,3.76E+16,300,IRO1GHND0001,IRO1GHND0005,قند و شكر,38,2023-11-23T13:11:06.000Z,production
1519,زپارس,ملی کشت و صنعت و دامپروری پارس,3.34E+16,300,IRO1ZPRS0001,IRO1ZPRS0001,زراعت و خدمات وابسته,1,2023-11-23T13:11:07.000Z,
1520,سیدکو2,سرمایه گذاری توسعه صنایع سیمان,3.63E+16,300,IRO1CIDC0002,IRO1CIDC0001,"سيمان، آهك و گچ",53,2023-11-23T13:11:08.000Z,production
1521,دزهراوی,داروسازیزهراوی,8.92E+15,300,IRO1DZAH0001,IRO1DZAH0007,مواد و محصولات دارويي,43,2023-11-23T13:11:08.000Z,production
1525,مادیرا,صنایع مادیران,1.59E+16,303,IRO3IOMZ0001,IRO3IOMZ0007,توليد محصولات كامپيوتري الكترونيكي ونوري,26,2023-11-23T13:11:10.000Z,
1526,خلنت,لنت‌ ترمزایران‌,1.50E+16,300,IRO1LENT0001,IRO1LENT0003,خودرو و ساخت قطعات,34,2023-11-23T13:11:10.000Z,production
1527,شمواد,تولید مواداولیه الیاف مصنوعی,2.83E+16,309,IRO7MFMP0001,IRO7MFMP0000,محصولات شيميايي,44,2023-11-23T13:11:10.000Z,production
1530,بایکا,کارخانجات کابلسازی ‌ایران‌,2.39E+16,309,IRO7KBLP0001,IRO7KBLP0007,ماشين آلات و دستگاه‌هاي برقي,31,2023-11-23T13:11:11.000Z,production
1533,خمهر,مهرکام‌پارس‌,1.73E+16,300,IRO1MHKM0001,IRO1MHKM0009,خودرو و ساخت قطعات,34,2023-11-23T13:11:12.000Z,production
1534,فخوز,فولاد  خوزستان,2.89E+16,300,IRO1FKHZ0001,IRO1FKHZ0003,فلزات اساسي,27,2023-11-23T13:11:13.000Z,production
1537,مداران,داده‌پردازیایران‌,6.60E+16,300,IRO1DADE0001,IRO1DADE0006,رايانه و فعاليت‌هاي وابسته به آن,72,2023-11-23T13:11:14.000Z,contract
1538,فرآور,فرآوریموادمعدنیایران‌,4.09E+14,300,IRO1FRVR0001,IRO1FRVR0008,فلزات اساسي,27,2023-11-23T13:11:14.000Z,production
1539,دکیمی,کیمیدارو,2.00E+16,300,IRO1KIMI0001,IRO1KIMI0004,مواد و محصولات دارويي,43,2023-11-23T13:11:14.000Z,production
1541,خچرخش,چرخشگر,3.38E+16,300,IRO1CHAR0001,IRO1CHAR0008,خودرو و ساخت قطعات,34,2023-11-23T13:11:15.000Z,production
1544,حگردش,ریل گردش ایرانیان,5.33E+16,309,IRO7RGIP0001,IRO7RGIP0000,"حمل ونقل، انبارداري و ارتباطات",60,2023-11-23T13:11:16.000Z,contract
1545,امین,تامین سرمایه امین,5.89E+16,300,IRO1TSAN0001,IRO1TSAN0000,فعاليتهاي كمكي به نهادهاي مالي واسط,67,2023-11-23T13:11:16.000Z,
1547,فاسمین,کالسیمین‌,6.67E+16,300,IRO1KSIM0001,IRO1KSIM0002,فلزات اساسي,27,2023-11-23T13:11:17.000Z,production
1548,پلاست,کارخانجات تولیدی پلاستیران,5.26E+16,309,IRO7PLSP0001,IRO7PLSP0003,لاستيك و پلاستيك,25,2023-11-23T13:11:17.000Z,production
1549,وثوق,سرمایه گذاری وثوق امین,5.98E+16,309,IRO7VOSP0001,IRO7VOSP0002,سرمايه گذاريها,56,2023-11-23T13:11:17.000Z,
1551,آ س پ,آ.س.پ,1.76E+16,303,IRO3ASPZ0001,IRO3ASPZ0008,"انبوه سازي، املاك و مستغلات",70,2023-11-23T13:11:18.000Z,
1552,بشهاب,لامپ‌  پارس‌ شهاب‌,6.95E+16,300,IRO1LAPS0001,IRO1LAPS0006,ماشين آلات و دستگاه‌هاي برقي,31,2023-11-23T13:11:18.000Z,production
1553,سنیر,سیمان‌ سفید نیریز,1.42E+16,300,IRO1SSNR0001,IRO1SSNR0002,"سيمان، آهك و گچ",53,2023-11-23T13:11:19.000Z,production
1561,دسانکو,داروسازی سبحان انکولوژی,4.73E+16,303,IRO3DSNZ0001,IRO3DSNZ0007,مواد و محصولات دارويي,43,2023-11-23T13:11:21.000Z,production
1563,وتوسکا,سرمایه گذاری توسعه توکا,4.85E+16,309,IRO7TDIP0001,IRO7TDIP0001,سرمايه گذاريها,56,2023-11-23T13:11:22.000Z,
1565,غصینو,صنعتی مینو,7.18E+16,303,IRO3MINZ0001,IRO3MINZ0008,محصولات غذايي و آشاميدني به جز قند و شكر,42,2023-11-23T13:11:22.000Z,production
1566,وغدیر,سرمایه‌گذاریغدیر(هلدینگ‌,2.60E+16,300,IRO1GDIR0001,IRO1GDIR0000,شركتهاي چند رشته اي صنعتي,39,2023-11-23T13:11:23.000Z,
1575,غچین,کشت‌ و صنعت‌ چین‌ چین,4.49E+16,300,IRO1CHCH0001,IRO1CHCH0008,محصولات غذايي و آشاميدني به جز قند و شكر,42,2023-11-23T13:11:25.000Z,production
1576,بپاس,بیمه پاسارگاد,5.20E+16,303,IRO3BIPZ0001,IRO3BIPZ0009,بيمه وصندوق بازنشستگي به جزتامين اجتماعي,66,2023-11-23T13:11:26.000Z,
1582,ثالوند,سرمایه گذاری مسکن الوند,1.67E+16,303,IRO3SLVZ0001,IRO3SLVZ0007,"انبوه سازي، املاك و مستغلات",70,2023-11-23T13:11:28.000Z,
1583,غالبر,لبنیات‌ کالبر,2.43E+16,300,IRO1KLBR0001,IRO1KLBR0001,محصولات غذايي و آشاميدني به جز قند و شكر,42,2023-11-23T13:11:28.000Z,production
1584,وبصادر,بانک صادرات ایران,2.83E+16,300,IRO1BSDR0001,IRO1BSDR0003,بانكها و موسسات اعتباري,57,2023-11-23T13:11:28.000Z,
1585,خزر,فنرسازیزر,3.28E+16,300,IRO1FNAR0001,IRO1FNAR0007,خودرو و ساخت قطعات,34,2023-11-23T13:11:29.000Z,production
1586,ومشان,س. فنی و مهندسی مشانیر,3.54E+16,309,IRO7IFMP0001,IRO7IFMP0006,سرمايه گذاريها,56,2023-11-23T13:11:29.000Z,
1587,پارتا,مجتمع صنعتی آرتاویل تایر,7.20E+16,303,IRO3ARTZ0001,IRO3ARTZ0005,لاستيك و پلاستيك,25,2023-11-23T13:11:29.000Z,production
1592,خصدرا,صنعتی دریایی ایران‌,2.32E+15,309,IRO7SDRP0001,IRO7SDRP0001,پيمانكاري صنعتي,45,2023-11-23T13:11:31.000Z,contract
1593,پخش,پخش البرز,1.26E+16,303,IRO3PKSH0001,IRO3PKSH0008,مواد و محصولات دارويي,43,2023-11-23T13:11:31.000Z,production
1594,چنوپا,نیوپان‌ 22 بهمن‌,4.30E+16,309,IRO7NEOP0001,IRO7NEOP0008,محصولات چوبي,20,2023-11-23T13:11:32.000Z,production
1596,فن افزار2,توسعه فن افزار توسن,5.90E+16,303,IRO3TOTZ0002,IRO3TOTZ0007,رايانه و فعاليت‌هاي وابسته به آن,72,2023-11-23T13:11:32.000Z,contract
1597,دبالک,مواد اولیه دارویی البرز بالک,7.15E+16,303,IRO3BLKZ0001,IRO3BLKZ0009,مواد و محصولات دارويي,43,2023-11-23T13:11:33.000Z,production
1598,غگیلا,شیرپاستوریزه پگاه گیلان,5.73E+16,303,IRO3PEGZ0001,IRO3PEGZ0008,محصولات غذايي و آشاميدني به جز قند و شكر,42,2023-11-23T13:11:33.000Z,production
1599,فولای,صنایع فولاد آلیاژی یزد,1.48E+16,303,IRO3FAYZ0001,IRO3FAYZ0002,فلزات اساسي,27,2023-11-23T13:11:33.000Z,production
1600,شلعاب,لعابیران‌,3.91E+16,300,IRO1LEAB0001,IRO1LEAB0008,محصولات شيميايي,44,2023-11-23T13:11:33.000Z,production
1601,تپمپی,پمپ‌ سازی ایران‌,4.31E+16,300,IRO1PIRN0001,IRO1PIRN0007,ماشين آلات و تجهيزات,29,2023-11-23T13:11:34.000Z,production
1604,فمراد,آلومراد,1.80E+16,300,IRO1ALMR0001,IRO1ALMR0000,فلزات اساسي,27,2023-11-23T13:11:35.000Z,production
1605,کپرور,فرآوری زغال سنگ پروده طبس,2.29E+16,303,IRO3TBSZ0001,IRO3TBSZ0003,استخراج زغال سنگ,10,2023-11-23T13:11:35.000Z,
1606,ثزاگرس,سرمایه گذاری توسعه عمران زاگرس,2.89E+16,309,IRO7CZGP0001,IRO7CZGP0006,"انبوه سازي، املاك و مستغلات",70,2023-11-23T13:11:35.000Z,
1608,فرود,فولاد شاهرود,5.10E+16,303,IRO3SSTZ0001,IRO3SSTZ0004,فلزات اساسي,27,2023-11-23T13:11:36.000Z,production
1609,پارسان,گسترش نفت و گاز پارسیان,2.34E+16,300,IRO1PASN0001,IRO1PASN0004,محصولات شيميايي,44,2023-11-23T13:11:36.000Z,production
1612,البرز,بیمه البرز,7.03E+16,300,IRO1BALB0001,IRO1BALB0001,بيمه وصندوق بازنشستگي به جزتامين اجتماعي,66,2023-11-23T13:11:37.000Z,
1613,دپارس,پارس‌ دارو,7.05E+16,300,IRO1PDRO0001,IRO1PDRO0001,مواد و محصولات دارويي,43,2023-11-23T13:11:38.000Z,production
1617,غاذر,کشت‌وصنعت‌پیاذر,3.52E+16,300,IRO1PIAZ0001,IRO1PIAZ0002,محصولات غذايي و آشاميدني به جز قند و شكر,42,2023-11-23T13:11:39.000Z,production
1619,شپدیس,پتروشیمی پردیس,2.06E+16,300,IRO1PRDZ0001,IRO1PRDZ0008,محصولات شيميايي,44,2023-11-23T13:11:40.000Z,production
1622,سخاش,سیمان‌خاش‌,4.47E+15,300,IRO1SKHS0001,IRO1SKHS0007,"سيمان، آهك و گچ",53,2023-11-23T13:11:41.000Z,production
1624,فالوم,آلومتک‌,1.94E+16,309,IRO7ALTP0001,IRO7ALTP0009,فلزات اساسي,27,2023-11-23T13:11:41.000Z,production
1626,فبیرا,بسته‌ بندی ایران‌,4.94E+16,309,IRO7BIRP0001,IRO7BIRP0005,ساخت محصولات فلزي,28,2023-11-23T13:11:42.000Z,contract
1627,کپارس,کاشی پارس‌,9.70E+15,300,IRO1KPRS0001,IRO1KPRS0008,كاشي و سراميك,49,2023-11-23T13:11:43.000Z,production
1628,کایتا,ایتالران‌,4.56E+16,309,IRO7ITLP0001,IRO7ITLP0001,ساير محصولات كاني غيرفلزي,54,2023-11-23T13:11:43.000Z,
1629,قیستو,شرکت قند بیستون,4.27E+15,309,IRO7BSOP0001,IRO7BSOP0006,قند و شكر,38,2023-11-23T13:11:43.000Z,production
1630,کساوه,صنایع‌ کاشی و سرامیک‌ سینا,2.50E+16,300,IRO1SINA0001,IRO1SINA0003,كاشي و سراميك,49,2023-11-23T13:11:44.000Z,production
1631,غشوکو,شوکو پارس,5.13E+16,309,IRO7SPRP0001,IRO7SPRP0007,محصولات غذايي و آشاميدني به جز قند و شكر,42,2023-11-23T13:11:44.000Z,production
1632,هجرت,پخش هجرت,5.32E+15,303,IRO3HEDZ0001,IRO3HEDZ0001,مواد و محصولات دارويي,43,2023-11-23T13:11:45.000Z,production
1635,ثپردیس,سرمایه گذاری مسکن پردیس,5.40E+16,303,IRO3MPRZ0001,IRO3MPRZ0005,"انبوه سازي، املاك و مستغلات",70,2023-11-23T13:11:46.000Z,
1636,ذوب,ذوب آهن اصفهان,7.15E+16,300,IRO1ZOBI0001,IRO1ZOBI0002,فلزات اساسي,27,2023-11-23T13:11:46.000Z,production
1638,ثنوسا,نوسازیوساختمان‌تهران‌,3.28E+16,300,IRO1NSTH0001,IRO1NSTH0003,"انبوه سازي، املاك و مستغلات",70,2023-11-23T13:11:46.000Z,
1641,ساروم,سیمان‌ارومیه‌,1.59E+16,300,IRO1SURO0001,IRO1SURO0007,"سيمان، آهك و گچ",53,2023-11-23T13:11:47.000Z,production
1643,تلیسه,دامداری تلیسه نمونه,4.18E+16,303,IRO3TLIZ0001,IRO3TLIZ0003,زراعت و خدمات وابسته,1,2023-11-23T13:11:48.000Z,
1644,کمرجان,بازرگانی و تولیدی مرجان کار,5.06E+16,303,IRO3MRJZ0001,IRO3MRJZ0003,ساير محصولات كاني غيرفلزي,54,2023-11-23T13:11:48.000Z,
1646,گکوثر,هتل پارسیان کوثر اصفهان,6.66E+16,303,IRO3PKHZ0001,IRO3PKHZ0009,هتل و رستوران,55,2023-11-23T13:11:49.000Z,contract
1647,فسا,پتروشیمی فسا,3.18E+14,309,IRO7PFSP0001,IRO7PFSP0001,محصولات شيميايي,44,2023-11-23T13:11:49.000Z,production
1648,ستران,سیمان‌ تهران‌,3.08E+16,300,IRO1STEH0001,IRO1STEH0004,"سيمان، آهك و گچ",53,2023-11-23T13:11:50.000Z,production
1651,فسازان,غلتک سازان سپاهان,1.29E+16,300,IRO1FSAZ0001,IRO1FSAZ0002,فلزات اساسي,27,2023-11-23T13:11:51.000Z,production
1654,فجر,فولاد امیرکبیرکاشان,4.13E+16,300,IRO1FAJR0001,IRO1FAJR0003,فلزات اساسي,27,2023-11-23T13:11:52.000Z,production
1655,نشار,کارخانجات پشمبافی افشار یزد,4.91E+16,309,IRO7KPAP0001,IRO7KPAP0004,منسوجات,17,2023-11-23T13:11:52.000Z,production
1657,سغدیر,توسعه سرمایه و صنعت غدیر,2.11E+16,303,IRO3GHIZ0001,IRO3GHIZ0004,"سيمان، آهك و گچ",53,2023-11-23T13:11:53.000Z,production
1662,وآفر,سرمایه گذاری ارزش آفرینان,4.60E+16,309,IRO7AFRP0001,IRO7AFRP0009,سرمايه گذاريها,56,2023-11-23T13:11:54.000Z,
1663,فنورد,نوردوقطعات‌ فولادی,5.63E+16,300,IRO1NGFO0001,IRO1NGFO0004,فلزات اساسي,27,2023-11-23T13:11:55.000Z,production
1667,غفارس,شیر پاستوریزه پگاه فارس,1.64E+16,303,IRO3GFRZ0001,IRO3GFRZ0005,محصولات غذايي و آشاميدني به جز قند و شكر,42,2023-11-23T13:11:56.000Z,production
1669,نوری2,پتروشیمی نوری,5.98E+16,300,IRO1NORI0002,IRO1NORI0008,محصولات شيميايي,44,2023-11-23T13:11:57.000Z,production
1670,بکهنوج,تولید برق ماهتاب کهنوج,7.63E+15,303,IRO3KAHZ0001,IRO3KAHZ0006,"عرضه برق، گاز، بخاروآب گرم",40,2023-11-23T13:11:57.000Z,
1671,کزغال,زغال سنگ پروده طبس,2.83E+16,303,IRO3TPCZ0001,IRO3TPCZ0005,استخراج زغال سنگ,10,2023-11-23T13:11:57.000Z,
1672,لوتوس,تامین سرمایه لوتوس پارسیان,5.91E+16,300,IRO1LTOS0001,IRO1LTOS0006,فعاليتهاي كمكي به نهادهاي مالي واسط,67,2023-11-23T13:11:57.000Z,
1673,وپترو,سرمایه‌گذاری صنایع پتروشیمی,5.95E+16,300,IRO1PETR0001,IRO1PETR0005,محصولات شيميايي,44,2023-11-23T13:11:58.000Z,production
1674,پرداخت,به پرداخت ملت,5.96E+16,300,IRO1PRKT0001,IRO1PRKT0007,رايانه و فعاليت‌هاي وابسته به آن,72,2023-11-23T13:11:58.000Z,contract
1676,بهیر,س. توسعه تجارت هیرمند,6.03E+16,309,IRO7HIRP0001,IRO7HIRP0009,سرمايه گذاريها,56,2023-11-23T13:11:59.000Z,
1679,وهنر,گروه توسعه هنر ایران,6.08E+16,309,IRO7IADP0001,IRO7IADP0002,"فعاليت هاي هنري، سرگرمي و خلاقانه",90,2023-11-23T13:12:00.000Z,
1680,غپونه,نوش پونه مشهد,6.20E+16,303,IRO3NPMP0001,IRO3NPMP0001,محصولات غذايي و آشاميدني به جز قند و شكر,42,2023-11-23T13:12:00.000Z,production
1682,بکابل,سیم و کابل ابهر,6.21E+16,303,IRO3ABCZ0001,IRO3ABCZ0002,ماشين آلات و دستگاه‌هاي برقي,31,2023-11-23T13:12:00.000Z,production
1686,ساذری,آذریت‌,6.42E+16,309,IRO7AZRP0001,IRO7AZRP0005,ساير محصولات كاني غيرفلزي,54,2023-11-23T13:12:02.000Z,
1688,فجوش,جوش‌ و اکسیژن‌ ایران‌,6.45E+16,309,IRO7JSHP0001,IRO7JSHP0007,ساخت محصولات فلزي,28,2023-11-23T13:12:02.000Z,contract
1690,وخاور2,بانک خاورمیانه,6.52E+16,300,IRO1BKHZ0002,IRO1BKHZ0007,بانكها و موسسات اعتباري,57,2023-11-23T13:12:03.000Z,
1692,شزنگ,تجهیزنیرویزنگان‌,6.55E+16,309,IRO7ZNGP0001,IRO7ZNGP0003,"فراورده هاي نفتي، كك و سوخت هسته اي",23,2023-11-23T13:12:04.000Z,
1693,کتوکا,تولیدی و خدمات صنایع نسوز توکا,6.57E+16,303,IRO3TUKZ0001,IRO3TUKZ0008,ساير محصولات كاني غيرفلزي,54,2023-11-23T13:12:04.000Z,
1695,ددام,داروسازی زاگرس فارمد پارس,6.65E+16,300,IRO1DAML0001,IRO1DAML0006,مواد و محصولات دارويي,43,2023-11-23T13:12:05.000Z,production
1696,دتوزیع,توزیع دارو پخش,6.67E+16,303,IRO3DPDZ0001,IRO3DPDZ0002,مواد و محصولات دارويي,43,2023-11-23T13:12:05.000Z,production
1697,رمپنا,گروه مپنا (سهامی عام),6.71E+16,300,IRO1MAPN0001,IRO1MAPN0000,خدمات فني و مهندسي,74,2023-11-23T13:12:05.000Z,contract
1698,سخزر,سیمان‌ خزر,6.73E+16,300,IRO1SKAZ0001,IRO1SKAZ0005,"سيمان، آهك و گچ",53,2023-11-23T13:12:06.000Z,production
1700,وتوس,توسعه‌شهریتوس‌گستر,6.81E+16,300,IRO1TGOS0001,IRO1TGOS0003,"انبوه سازي، املاك و مستغلات",70,2023-11-23T13:12:06.000Z,
1706,ددانا,داروسازی دانا,6.95E+16,303,IRO3DPHZ0001,IRO3DPHZ0008,مواد و محصولات دارويي,43,2023-11-23T13:12:09.000Z,production
1713,شپترو,پتروشیمی آبادان,7.20E+16,309,IRO7APTP0001,IRO7APTP0005,محصولات شيميايي,44,2023-11-23T13:12:10.000Z,production
1716,فملی2,ملی صنایع‌ مس‌ ایران‌,6.76E+14,300,IRO1MSMI0002,IRO1MSMI0000,فلزات اساسي,27,2023-11-23T13:12:11.000Z,production
1717,تجلی,تجلی توسعه معادن و فلزات,1.30E+15,303,IRO3TMMZ0001,IRO3TMMZ0006,استخراج كانه هاي فلزي,13,2023-11-23T13:12:12.000Z,
1720,شوینده,مدیریت صنعت شوینده ت.ص.بهشهر,3.49E+15,300,IRO1SHOY0001,IRO1SHOY0005,محصولات شيميايي,44,2023-11-23T13:12:13.000Z,production
1721,حتاید,تایدواترخاورمیانه,3.72E+15,300,IRO1TAYD0001,IRO1TAYD0004,"حمل ونقل، انبارداري و ارتباطات",60,2023-11-23T13:12:13.000Z,contract
1725,غمینو,شرکت صنایع غذایی مینو شرق,5.52E+15,303,IRO3MNOZ0001,IRO3MNOZ0000,محصولات غذايي و آشاميدني به جز قند و شكر,42,2023-11-23T13:12:14.000Z,production
1727,وتعاون,بیمه تعاون,5.92E+15,303,IRO3TAVZ0001,IRO3TAVZ0009,بيمه وصندوق بازنشستگي به جزتامين اجتماعي,66,2023-11-23T13:12:15.000Z,
1728,غمهرا,تولیدیمهرام‌,6.13E+15,300,IRO1MRAM0001,IRO1MRAM0009,محصولات غذايي و آشاميدني به جز قند و شكر,42,2023-11-23T13:12:15.000Z,production
1730,زکشت,کشاورزی مکانیزه اصفهان کشت,7.30E+15,303,IRO3IKAZ0001,IRO3IKAZ0005,زراعت و خدمات وابسته,1,2023-11-23T13:12:16.000Z,
1732,شپنا,پالایش نفت اصفهان,7.75E+15,300,IRO1PNES0001,IRO1PNES0000,"فراورده هاي نفتي، كك و سوخت هسته اي",23,2023-11-23T13:12:17.000Z,
1737,وایرا,سرمایه گذاری صنایع ایران,9.14E+15,309,IRO7VIRP0001,IRO7VIRP0001,سرمايه گذاريها,56,2023-11-23T13:12:19.000Z,
1738,وپاسار,بانک  پاسارگاد,9.54E+15,300,IRO1BPAS0001,IRO1BPAS0008,بانكها و موسسات اعتباري,57,2023-11-23T13:12:19.000Z,
1740,پسهند,صنایع‌ لاستیکی  سهند,1.01E+16,300,IRO1SHND0001,IRO1SHND0001,لاستيك و پلاستيك,25,2023-11-23T13:12:20.000Z,production
1754,خریخت,صنایع‌ریخته‌گریایران‌,1.28E+16,300,IRO1RIIR0001,IRO1RIIR0002,خودرو و ساخت قطعات,34,2023-11-23T13:12:25.000Z,production
1756,ثقزوی,شرکت عمران و سازندگی قزوین,1.30E+16,309,IRO7QAZP0001,IRO7QAZP0006,"انبوه سازي، املاك و مستغلات",70,2023-11-23T13:12:25.000Z,
1757,درهآور,دارویی ره آورد تامین,1.32E+16,303,IRO3RAPZ0001,IRO3RAPZ0009,مواد و محصولات دارويي,43,2023-11-23T13:12:26.000Z,production
1758,حسیر,ریل سیر کوثر,1.33E+16,303,IRO3RSKZ0001,IRO3RSKZ0004,"حمل ونقل، انبارداري و ارتباطات",60,2023-11-23T13:12:26.000Z,contract
1764,غگلپا,شیر پاستوریزه پگاه گلپایگان,1.43E+16,303,IRO3PGPZ0001,IRO3PGPZ0005,محصولات غذايي و آشاميدني به جز قند و شكر,42,2023-11-23T13:12:28.000Z,production
1769,ثعمرا,عمران و توسعه شاهد,1.57E+16,303,IRO3OSHZ0001,IRO3OSHZ0002,"انبوه سازي، املاك و مستغلات",70,2023-11-23T13:12:30.000Z,
1774,کچاد,معدنیوصنعتیچادرملو,1.80E+16,300,IRO1CHML0001,IRO1CHML0000,استخراج كانه هاي فلزي,13,2023-11-23T13:12:31.000Z,
1775,غپینو,پارس‌ مینو,1.84E+16,300,IRO1MINO0001,IRO1MINO0003,محصولات غذايي و آشاميدني به جز قند و شكر,42,2023-11-23T13:12:31.000Z,production
1783,وسالت2,بانک قرض الحسنه رسالت,2.04E+16,309,IRO7SALP0002,IRO7SALP0000,بانكها و موسسات اعتباري,57,2023-11-23T13:12:34.000Z,
1784,کسرام,پارس‌ سرام‌,2.06E+16,300,IRO1PSER0001,IRO1PSER0006,ساير محصولات كاني غيرفلزي,54,2023-11-23T13:12:34.000Z,
1785,ثتران,سرمایه گذاری مسکن تهران,2.09E+16,303,IRO3PMTZ0001,IRO3PMTZ0003,"انبوه سازي، املاك و مستغلات",70,2023-11-23T13:12:34.000Z,
1788,درازک,دارویی رازک‌,2.23E+16,300,IRO1DRZK0001,IRO1DRZK0003,مواد و محصولات دارويي,43,2023-11-23T13:12:35.000Z,production
1789,سامان,بانک سامان,2.23E+16,303,IRO3BSAP0001,IRO3BSAP0006,بانكها و موسسات اعتباري,57,2023-11-23T13:12:36.000Z,
1790,اخابر,مخابرات ایران,2.28E+16,300,IRO1MKBT0001,IRO1MKBT0008,مخابرات,64,2023-11-23T13:12:36.000Z,contract
1791,ختراک,ریخته‌گری تراکتورسازی ایران‌,2.29E+16,300,IRO1RTIR0001,IRO1RTIR0009,خودرو و ساخت قطعات,34,2023-11-23T13:12:36.000Z,production
1792,خودکفا,اقتصادی و خودکفایی آزادگان,2.30E+16,309,IRO7KHDP0001,IRO7KHDP0001,محصولات غذايي و آشاميدني به جز قند و شكر,42,2023-11-23T13:12:37.000Z,production
1793,جوین,کشت و صنعت جوین,2.33E+16,309,IRO7JAIP0001,IRO7JAIP0006,زراعت و خدمات وابسته,1,2023-11-23T13:12:37.000Z,
1799,جم پیلن,پلی پروپیلن جم - جم پیلن,2.71E+16,300,IRO1JPPC0001,IRO1JPPC0001,محصولات شيميايي,44,2023-11-23T13:12:39.000Z,production
1800,سدور,سیمان‌ دورود,2.72E+16,300,IRO1SDOR0001,IRO1SDOR0008,"سيمان، آهك و گچ",53,2023-11-23T13:12:39.000Z,production
1801,داراب,پتروشیمی داراب,2.73E+16,309,IRO7PDRP0001,IRO7PDRP0004,محصولات شيميايي,44,2023-11-23T13:12:40.000Z,production
1804,شپلی,پلی اکریل ایران,2.88E+16,309,IRO7POIP0001,IRO7POIP0002,محصولات شيميايي,44,2023-11-23T13:12:41.000Z,production
1805,کسعدی,کاشی سعدی,2.91E+16,300,IRO1KSAD0001,IRO1KSAD0001,كاشي و سراميك,49,2023-11-23T13:12:41.000Z,production
1810,ثفارس,عمران‌وتوسعه‌فارس‌,3.09E+16,300,IRO1OFRS0001,IRO1OFRS0006,"انبوه سازي، املاك و مستغلات",70,2023-11-23T13:12:43.000Z,
1813,قرن2,پدیده شیمی قرن,3.13E+16,300,IRO1GARN0002,IRO1GARN0006,محصولات شيميايي,44,2023-11-23T13:12:44.000Z,production
1817,غشان,شیرپاستوریزه‌پگاه‌خراسان‌,3.18E+16,300,IRO1SPKH0001,IRO1SPKH0000,محصولات غذايي و آشاميدني به جز قند و شكر,42,2023-11-23T13:12:45.000Z,production
1822,وپارس,بانک‌پارسیان‌,3.33E+16,300,IRO1BPAR0001,IRO1BPAR0009,بانكها و موسسات اعتباري,57,2023-11-23T13:12:47.000Z,
1823,غپاک,لبنیات‌ پاک‌,3.40E+16,300,IRO1LPAK0001,IRO1LPAK0004,محصولات غذايي و آشاميدني به جز قند و شكر,42,2023-11-23T13:12:47.000Z,production
1825,سپاها,سیمان‌سپاهان‌,3.57E+16,300,IRO1SSEP0001,IRO1SSEP0005,"سيمان، آهك و گچ",53,2023-11-23T13:12:48.000Z,production
1835,شرنگی,شیمیایی رنگین,4.00E+16,309,IRO7SHEP0001,IRO7SHEP0002,محصولات شيميايي,44,2023-11-23T13:12:51.000Z,production
1837,ثاژن,سخت آژند,4.07E+16,309,IRO7SJAP0001,IRO7SJAP0004,"انبوه سازي، املاك و مستغلات",70,2023-11-23T13:12:52.000Z,
1844,قمرو,قند مرودشت‌,4.33E+16,300,IRO1GMRO0001,IRO1GMRO0001,قند و شكر,38,2023-11-23T13:12:54.000Z,production
1845,کویر,تولیدی فولاد سپید فراب کویر,4.35E+16,300,IRO1KVIR0001,IRO1KVIR0002,فلزات اساسي,27,2023-11-23T13:12:54.000Z,production
1846,خراسان,پتروشیمی خراسان,4.36E+16,300,IRO1KRSN0001,IRO1KRSN0000,محصولات شيميايي,44,2023-11-23T13:12:54.000Z,production
1847,شگل,گلتاش‌,4.42E+16,300,IRO1GTSH0001,IRO1GTSH0002,محصولات شيميايي,44,2023-11-23T13:12:55.000Z,production
1849,کالا,بورس کالای ایران,4.45E+16,300,IRO1KALA0001,IRO1KALA0001,فعاليتهاي كمكي به نهادهاي مالي واسط,67,2023-11-23T13:12:55.000Z,
1851,سپید,سپید ماکیان,4.55E+16,300,IRO1SPID0001,IRO1SPID0008,زراعت و خدمات وابسته,1,2023-11-23T13:12:56.000Z,
1861,افق,فروشگاههای زنجیره ای افق کوروش,4.95E+16,300,IRO1OFOG0001,IRO1OFOG0003,"خرده فروشي،باستثناي وسايل نقليه موتوري",47,2023-11-23T13:12:59.000Z,contract
1862,انرژی,بورس انرژی ایران,4.96E+16,300,IRO1BENC0001,IRO1BENC0004,فعاليتهاي كمكي به نهادهاي مالي واسط,67,2023-11-23T13:13:00.000Z,
1864,حشکوه,دلیجان طلایی شکوه پارس,5.06E+16,309,IRO7DLIP0001,IRO7DLIP0009,"حمل ونقل، انبارداري و ارتباطات",60,2023-11-23T13:13:00.000Z,contract
1865,غیوان,کیوان,5.07E+16,309,IRO7KIVP0001,IRO7KIVP0008,محصولات غذايي و آشاميدني به جز قند و شكر,42,2023-11-23T13:13:01.000Z,production
1870,افرا,افرانت,5.28E+16,303,IRO3AFRZ0001,IRO3AFRZ0001,رايانه و فعاليت‌هاي وابسته به آن,72,2023-11-23T13:13:03.000Z,contract
1876,فن آوا,گروه فن آوا,5.52E+16,309,IRO7FANP0001,IRO7FANP0003,رايانه و فعاليت‌هاي وابسته به آن,72,2023-11-23T13:13:05.000Z,contract
1878,پرسپولیس,پرسپولیس,5.53E+16,309,IRO7PSPP0001,IRO7PSPP0009,فعاليتهاي فرهنگي و ورزشي,93,2023-11-23T13:13:06.000Z,
1879,لسرما,سرما آفرین‌,5.59E+16,300,IRO1SRMA0001,IRO1SRMA0003,ماشين آلات و تجهيزات,29,2023-11-23T13:13:06.000Z,production
1880,حاریا,کشتیرانی آریا,5.68E+16,309,IRO7ARAP0001,IRO7ARAP0004,حمل و نقل آبي,61,2023-11-23T13:13:06.000Z,contract
1885,پلاسک,پلاسکوکار,5.77E+16,300,IRO1PLKK0001,IRO1PLKK0002,لاستيك و پلاستيك,25,2023-11-23T13:13:08.000Z,production
1886,والبر,سرمایه‌ گذاری البرز(هلدینگ‌,5.79E+16,300,IRO1ALBZ0001,IRO1ALBZ0003,مواد و محصولات دارويي,43,2023-11-23T13:13:08.000Z,production
1888,سمتاز,سیمان ممتازان کرمان,5.80E+16,309,IRO7CMKP0001,IRO7CMKP0005,"سيمان، آهك و گچ",53,2023-11-23T13:13:09.000Z,production
1889,خکرمان,سرمایه گذاری آرمان گستر پاریز,5.85E+16,303,IRO3KKHP0001,IRO3KKHP0006,خودرو و ساخت قطعات,34,2023-11-23T13:13:09.000Z,production
1890,ومعادن,توسعه‌معادن‌وفلزات‌,5.89E+16,300,IRO1MADN0001,IRO1MADN0004,استخراج كانه هاي فلزي,13,2023-11-23T13:13:10.000Z,
